timestamp,open,high,low,close,volume,instrument
2026-01-05 09:15:00,25100.0,25102.91,25078.48,25087.2,129931,NIFTY 50
2026-01-05 09:16:00,25087.2,25091.27,25079.29,25083.65,130968,NIFTY 50
2026-01-05 09:17:00,25083.65,25088.4,25076.18,25080.8,83231,NIFTY 50
2026-01-05 09:18:00,25080.8,25083.13,25052.89,25058.9,115758,NIFTY 50
2026-01-05 09:19:00,25058.9,25062.44,25041.29,25049.25,124597,NIFTY 50
2026-01-05 09:20:00,25049.25,25068.56,25039.32,25062.85,130039,NIFTY 50
2026-01-05 09:21:00,25062.85,25069.94,25040.81,25048.95,48136,NIFTY 50
2026-01-05 09:22:00,25048.95,25057.53,25035.45,25038.65,54416,NIFTY 50
2026-01-05 09:23:00,25038.65,25072.23,25032.77,25068.55,70162,NIFTY 50
2026-01-05 09:24:00,25068.55,25096.11,25063.69,25086.4,123047,NIFTY 50
2026-01-05 09:25:00,25086.4,25095.2,25043.44,25048.15,128560,NIFTY 50
2026-01-05 09:26:00,25048.15,25052.75,25043.26,25045.9,64056,NIFTY 50
2026-01-05 09:27:00,25045.9,25067.06,25040.93,25063.0,86278,NIFTY 50
2026-01-05 09:28:00,25063.0,25068.75,25049.36,25057.4,64766,NIFTY 50
2026-01-05 09:29:00,25057.4,25073.53,25050.95,25070.6,102824,NIFTY 50
2026-01-05 09:30:00,25070.6,25072.68,25036.72,25042.85,30512,NIFTY 50
2026-01-05 09:31:00,25042.85,25049.05,25000.26,25007.05,92422,NIFTY 50
2026-01-05 09:32:00,25007.05,25010.5,24958.37,24962.65,79749,NIFTY 50
2026-01-05 09:33:00,24962.65,24999.31,24956.31,24991.65,92100,NIFTY 50
2026-01-05 09:34:00,24991.65,25003.77,24986.16,24996.3,140131,NIFTY 50
2026-01-05 09:35:00,24996.3,25008.05,24986.39,24999.7,128317,NIFTY 50
2026-01-05 09:36:00,24999.7,25001.91,24981.77,24990.05,145673,NIFTY 50
2026-01-05 09:37:00,24990.05,25002.15,24987.08,24996.95,145484,NIFTY 50
2026-01-05 09:38:00,24996.95,25014.23,24988.98,25005.6,61514,NIFTY 50
2026-01-05 09:39:00,25005.6,25047.1,24996.43,25042.55,111056,NIFTY 50
2026-01-05 09:40:00,25042.55,25048.22,25007.83,25012.9,123191,NIFTY 50
2026-01-05 09:41:00,25012.9,25036.58,25008.57,25032.15,140575,NIFTY 50
2026-01-05 09:42:00,25032.15,25035.6,25018.08,25026.0,74285,NIFTY 50
2026-01-05 09:43:00,25026.0,25028.68,25015.53,25018.75,147364,NIFTY 50
2026-01-05 09:44:00,25018.75,25028.38,24995.93,25004.25,85602,NIFTY 50
2026-01-05 09:45:00,25004.25,25009.11,24990.42,24996.95,86222,NIFTY 50
2026-01-05 09:46:00,24996.95,25007.02,24993.11,25004.5,149711,NIFTY 50
2026-01-05 09:47:00,25004.5,25020.24,24997.82,25011.75,91584,NIFTY 50
2026-01-05 09:48:00,25011.75,25013.89,25001.62,25006.1,142095,NIFTY 50
2026-01-05 09:49:00,25006.1,25046.81,24999.32,25044.35,59382,NIFTY 50
2026-01-05 09:50:00,25044.35,25055.47,25039.34,25051.4,86521,NIFTY 50
2026-01-05 09:51:00,25051.4,25073.17,25046.25,25067.1,69678,NIFTY 50
2026-01-05 09:52:00,25067.1,25071.02,25045.58,25048.85,105903,NIFTY 50
2026-01-05 09:53:00,25048.85,25052.09,25037.5,25041.7,95448,NIFTY 50
2026-01-05 09:54:00,25041.7,25045.42,25028.68,25031.8,69797,NIFTY 50
2026-01-05 09:55:00,25031.8,25047.56,25027.46,25041.35,93915,NIFTY 50
2026-01-05 09:56:00,25041.35,25054.77,25037.56,25048.3,39763,NIFTY 50
2026-01-05 09:57:00,25048.3,25085.78,25042.65,25080.0,100258,NIFTY 50
2026-01-05 09:58:00,25080.0,25083.23,25052.55,25061.35,54640,NIFTY 50
2026-01-05 09:59:00,25061.35,25076.85,25058.93,25067.0,90179,NIFTY 50
2026-01-05 10:00:00,25067.0,25075.31,25055.46,25064.05,110153,NIFTY 50
2026-01-05 10:01:00,25064.05,25070.99,25044.24,25046.9,100724,NIFTY 50
2026-01-05 10:02:00,25046.9,25051.46,25034.38,25039.35,120384,NIFTY 50
2026-01-05 10:03:00,25039.35,25056.56,25031.9,25054.5,45214,NIFTY 50
2026-01-05 10:04:00,25054.5,25072.53,25047.52,25068.8,90925,NIFTY 50
2026-01-05 10:05:00,25068.8,25086.79,25066.4,25080.15,107435,NIFTY 50
2026-01-05 10:06:00,25080.15,25085.8,25047.28,25053.85,146884,NIFTY 50
2026-01-05 10:07:00,25053.85,25072.78,25045.74,25067.0,83434,NIFTY 50
2026-01-05 10:08:00,25067.0,25075.35,25046.87,25056.0,60355,NIFTY 50
2026-01-05 10:09:00,25056.0,25063.54,25039.96,25048.55,126262,NIFTY 50
2026-01-05 10:10:00,25048.55,25052.92,25006.3,25014.25,37713,NIFTY 50
2026-01-05 10:11:00,25014.25,25027.31,25009.82,25021.55,108236,NIFTY 50
2026-01-05 10:12:00,25021.55,25027.0,25011.05,25016.15,103881,NIFTY 50
2026-01-05 10:13:00,25016.15,25021.26,25004.19,25007.75,77492,NIFTY 50
2026-01-05 10:14:00,25007.75,25025.43,24999.61,25017.4,87948,NIFTY 50
2026-01-05 10:15:00,25017.4,25021.27,25005.93,25010.45,60969,NIFTY 50
2026-01-05 10:16:00,25010.45,25018.22,25002.06,25015.2,145200,NIFTY 50
2026-01-05 10:17:00,25015.2,25021.25,25010.11,25014.7,59058,NIFTY 50
2026-01-05 10:18:00,25014.7,25033.59,25006.44,25030.95,131625,NIFTY 50
2026-01-05 10:19:00,25030.95,25039.38,25005.79,25013.9,58993,NIFTY 50
2026-01-05 10:20:00,25013.9,25020.67,24992.89,25001.35,108463,NIFTY 50
2026-01-05 10:21:00,25001.35,25010.28,24976.79,24985.65,84662,NIFTY 50
2026-01-05 10:22:00,24985.65,24993.39,24974.44,24981.8,36229,NIFTY 50
2026-01-05 10:23:00,24981.8,24991.31,24964.53,24974.2,132683,NIFTY 50
2026-01-05 10:24:00,24974.2,24983.57,24967.51,24973.3,30691,NIFTY 50
2026-01-05 10:25:00,24973.3,24991.48,24967.28,24983.65,115207,NIFTY 50
2026-01-05 10:26:00,24983.65,24992.49,24979.0,24988.75,102286,NIFTY 50
2026-01-05 10:27:00,24988.75,24991.25,24959.5,24967.95,37596,NIFTY 50
2026-01-05 10:28:00,24967.95,24996.69,24958.47,24991.8,111057,NIFTY 50
2026-01-05 10:29:00,24991.8,25039.26,24987.75,25030.5,81081,NIFTY 50
2026-01-05 10:30:00,25030.5,25041.87,25025.51,25038.3,59210,NIFTY 50
2026-01-05 10:31:00,25038.3,25042.6,25024.96,25032.1,103705,NIFTY 50
2026-01-05 10:32:00,25032.1,25040.74,25022.0,25025.2,43740,NIFTY 50
2026-01-05 10:33:00,25025.2,25027.73,25015.0,25020.05,43003,NIFTY 50
2026-01-05 10:34:00,25020.05,25039.0,25018.0,25031.65,133644,NIFTY 50
2026-01-05 10:35:00,25031.65,25057.55,25025.08,25049.85,90118,NIFTY 50
2026-01-05 10:36:00,25049.85,25078.16,25042.38,25070.55,68091,NIFTY 50
2026-01-05 10:37:00,25070.55,25081.71,25065.27,25078.05,92793,NIFTY 50
2026-01-05 10:38:00,25078.05,25081.13,25063.84,25067.35,136765,NIFTY 50
2026-01-05 10:39:00,25067.35,25075.42,25021.52,25029.5,148496,NIFTY 50
2026-01-05 10:40:00,25029.5,25032.5,25025.9,25030.1,89748,NIFTY 50
2026-01-05 10:41:00,25030.1,25048.19,25026.53,25038.95,38828,NIFTY 50
2026-01-05 10:42:00,25038.95,25055.97,25035.23,25048.05,128596,NIFTY 50
2026-01-05 10:43:00,25048.05,25086.61,25040.56,25081.25,35561,NIFTY 50
2026-01-05 10:44:00,25081.25,25103.19,25073.97,25098.4,86769,NIFTY 50
2026-01-05 10:45:00,25098.4,25124.05,25094.2,25115.9,87163,NIFTY 50
2026-01-05 10:46:00,25115.9,25138.23,25111.71,25129.1,52894,NIFTY 50
2026-01-05 10:47:00,25129.1,25151.63,25123.61,25142.6,66783,NIFTY 50
2026-01-05 10:48:00,25142.6,25144.61,25130.62,25139.8,33839,NIFTY 50
2026-01-05 10:49:00,25139.8,25148.01,25127.4,25133.6,38810,NIFTY 50
2026-01-05 10:50:00,25133.6,25166.74,25125.57,25159.05,52024,NIFTY 50
2026-01-05 10:51:00,25159.05,25166.41,25152.41,25160.6,111882,NIFTY 50
2026-01-05 10:52:00,25160.6,25166.07,25152.86,25161.5,103403,NIFTY 50
2026-01-05 10:53:00,25161.5,25168.39,25153.58,25162.5,31150,NIFTY 50
2026-01-05 10:54:00,25162.5,25165.54,25140.04,25149.65,48651,NIFTY 50
2026-01-05 10:55:00,25149.65,25152.28,25136.66,25145.65,47634,NIFTY 50
2026-01-05 10:56:00,25145.65,25153.23,25133.53,25136.95,110376,NIFTY 50
2026-01-05 10:57:00,25136.95,25144.32,25117.32,25126.05,58059,NIFTY 50
2026-01-05 10:58:00,25126.05,25135.26,25097.1,25100.2,42412,NIFTY 50
2026-01-05 10:59:00,25100.2,25107.09,25069.96,25079.7,96482,NIFTY 50
2026-01-05 11:00:00,25079.7,25086.41,25067.49,25076.15,58507,NIFTY 50
2026-01-05 11:01:00,25076.15,25095.72,25072.96,25090.9,53258,NIFTY 50
2026-01-05 11:02:00,25090.9,25093.71,25083.85,25086.05,106805,NIFTY 50
2026-01-05 11:03:00,25086.05,25112.64,25082.25,25107.2,142983,NIFTY 50
2026-01-05 11:04:00,25107.2,25127.66,25102.4,25118.95,97192,NIFTY 50
2026-01-05 11:05:00,25118.95,25121.01,25105.06,25111.9,70607,NIFTY 50
2026-01-05 11:06:00,25111.9,25122.72,25108.97,25117.95,94142,NIFTY 50
2026-01-05 11:07:00,25117.95,25125.05,25100.02,25106.4,44081,NIFTY 50
2026-01-05 11:08:00,25106.4,25109.95,25087.71,25093.35,49996,NIFTY 50
2026-01-05 11:09:00,25093.35,25098.76,25060.89,25064.85,75064,NIFTY 50
2026-01-05 11:10:00,25064.85,25074.86,25056.76,25071.9,112879,NIFTY 50
2026-01-05 11:11:00,25071.9,25084.45,25066.09,25074.85,80385,NIFTY 50
2026-01-05 11:12:00,25074.85,25079.01,25050.77,25059.2,53790,NIFTY 50
2026-01-05 11:13:00,25059.2,25065.09,25031.73,25041.6,78986,NIFTY 50
2026-01-05 11:14:00,25041.6,25070.14,25038.92,25060.4,87134,NIFTY 50
2026-01-05 11:15:00,25060.4,25072.33,25052.82,25066.35,36897,NIFTY 50
2026-01-05 11:16:00,25066.35,25071.42,25043.93,25050.2,54359,NIFTY 50
2026-01-05 11:17:00,25050.2,25056.85,25042.17,25052.55,96210,NIFTY 50
2026-01-05 11:18:00,25052.55,25060.7,25033.43,25040.75,124884,NIFTY 50
2026-01-05 11:19:00,25040.75,25069.16,25038.36,25062.15,123376,NIFTY 50
2026-01-05 11:20:00,25062.15,25068.3,25059.12,25061.25,136142,NIFTY 50
2026-01-05 11:21:00,25061.25,25064.68,25058.17,25062.5,101733,NIFTY 50
2026-01-05 11:22:00,25062.5,25098.02,25057.3,25094.65,63236,NIFTY 50
2026-01-05 11:23:00,25094.65,25096.83,25080.06,25085.15,110186,NIFTY 50
2026-01-05 11:24:00,25085.15,25097.63,25077.3,25095.05,97865,NIFTY 50
2026-01-05 11:25:00,25095.05,25100.2,25065.25,25074.2,55593,NIFTY 50
2026-01-05 11:26:00,25074.2,25087.46,25071.2,25080.25,50580,NIFTY 50
2026-01-05 11:27:00,25080.25,25090.18,25070.47,25074.7,99566,NIFTY 50
2026-01-05 11:28:00,25074.7,25082.1,25063.47,25072.85,67414,NIFTY 50
2026-01-05 11:29:00,25072.85,25080.9,25039.71,25046.0,55286,NIFTY 50
2026-01-05 11:30:00,25046.0,25061.09,25038.63,25051.25,51667,NIFTY 50
2026-01-05 11:31:00,25051.25,25066.92,25046.47,25061.6,44231,NIFTY 50
2026-01-05 11:32:00,25061.6,25077.84,25054.47,25074.9,72317,NIFTY 50
2026-01-05 11:33:00,25074.9,25081.17,25036.47,25038.5,99675,NIFTY 50
2026-01-05 11:34:00,25038.5,25045.46,25036.4,25039.35,58802,NIFTY 50
2026-01-05 11:35:00,25039.35,25052.0,25031.85,25042.15,138330,NIFTY 50
2026-01-05 11:36:00,25042.15,25047.09,25010.86,25016.65,148654,NIFTY 50
2026-01-05 11:37:00,25016.65,25030.3,25013.5,25028.1,59738,NIFTY 50
2026-01-05 11:38:00,25028.1,25047.47,25023.44,25038.1,72439,NIFTY 50
2026-01-05 11:39:00,25038.1,25045.89,25010.27,25017.0,39930,NIFTY 50
2026-01-05 11:40:00,25017.0,25019.35,25005.21,25009.7,140796,NIFTY 50
2026-01-05 11:41:00,25009.7,25012.52,25004.94,25007.35,126751,NIFTY 50
2026-01-05 11:42:00,25007.35,25010.82,24998.59,25003.9,37937,NIFTY 50
2026-01-05 11:43:00,25003.9,25011.24,24987.35,24993.8,74396,NIFTY 50
2026-01-05 11:44:00,24993.8,24998.56,24988.73,24995.85,37795,NIFTY 50
2026-01-05 11:45:00,24995.85,24997.86,24959.22,24968.15,148186,NIFTY 50
2026-01-05 11:46:00,24968.15,24993.26,24958.82,24985.1,60756,NIFTY 50
2026-01-05 11:47:00,24985.1,24988.45,24977.49,24982.8,48098,NIFTY 50
2026-01-05 11:48:00,24982.8,25023.56,24974.93,25021.45,147520,NIFTY 50
2026-01-05 11:49:00,25021.45,25034.07,25017.39,25026.5,108218,NIFTY 50
2026-01-05 11:50:00,25026.5,25054.31,25023.64,25048.5,61978,NIFTY 50
2026-01-05 11:51:00,25048.5,25056.06,25036.16,25045.8,103266,NIFTY 50
2026-01-05 11:52:00,25045.8,25064.9,25036.74,25057.25,83781,NIFTY 50
2026-01-05 11:53:00,25057.25,25063.49,25032.62,25035.95,77421,NIFTY 50
2026-01-05 11:54:00,25035.95,25038.38,25008.41,25013.75,112860,NIFTY 50
2026-01-05 11:55:00,25013.75,25024.23,25004.3,25014.85,94956,NIFTY 50
2026-01-05 11:56:00,25014.85,25021.0,24985.76,24989.95,84016,NIFTY 50
2026-01-05 11:57:00,24989.95,24996.43,24972.94,24977.6,133076,NIFTY 50
2026-01-05 11:58:00,24977.6,24997.11,24974.59,24988.55,55965,NIFTY 50
2026-01-05 11:59:00,24988.55,25005.42,24980.71,25002.1,133959,NIFTY 50
2026-01-05 12:00:00,25002.1,25008.07,24999.83,25005.45,102816,NIFTY 50
2026-01-05 12:01:00,25005.45,25020.76,25001.22,25017.55,135103,NIFTY 50
2026-01-05 12:02:00,25017.55,25033.93,25008.94,25026.1,41825,NIFTY 50
2026-01-05 12:03:00,25026.1,25046.93,25020.69,25040.2,36709,NIFTY 50
2026-01-05 12:04:00,25040.2,25044.97,25009.82,25019.1,112297,NIFTY 50
2026-01-05 12:05:00,25019.1,25023.09,24987.3,24994.7,95148,NIFTY 50
2026-01-05 12:06:00,24994.7,25004.56,24992.08,24995.5,116498,NIFTY 50
2026-01-05 12:07:00,24995.5,25006.96,24991.18,25004.4,40438,NIFTY 50
2026-01-05 12:08:00,25004.4,25044.82,25000.49,25039.9,91849,NIFTY 50
2026-01-05 12:09:00,25039.9,25066.97,25034.14,25057.75,116635,NIFTY 50
2026-01-05 12:10:00,25057.75,25066.2,25046.22,25051.05,71331,NIFTY 50
2026-01-05 12:11:00,25051.05,25065.36,25047.3,25059.75,130226,NIFTY 50
2026-01-05 12:12:00,25059.75,25068.49,25050.17,25062.3,146938,NIFTY 50
2026-01-05 12:13:00,25062.3,25068.63,25048.69,25056.7,104403,NIFTY 50
2026-01-05 12:14:00,25056.7,25069.51,25047.06,25061.55,92148,NIFTY 50
2026-01-05 12:15:00,25061.55,25093.0,25055.86,25084.3,44893,NIFTY 50
2026-01-05 12:16:00,25084.3,25113.88,25077.51,25107.1,125059,NIFTY 50
2026-01-05 12:17:00,25107.1,25126.17,25104.18,25124.0,70918,NIFTY 50
2026-01-05 12:18:00,25124.0,25128.68,25112.38,25119.15,139982,NIFTY 50
2026-01-05 12:19:00,25119.15,25139.17,25110.84,25132.65,30430,NIFTY 50
2026-01-05 12:20:00,25132.65,25148.42,25124.09,25142.2,90761,NIFTY 50
2026-01-05 12:21:00,25142.2,25148.66,25133.18,25139.15,138030,NIFTY 50
2026-01-05 12:22:00,25139.15,25142.83,25117.93,25127.3,138598,NIFTY 50
2026-01-05 12:23:00,25127.3,25136.65,25094.32,25103.6,120621,NIFTY 50
2026-01-05 12:24:00,25103.6,25115.41,25100.01,25107.65,127874,NIFTY 50
2026-01-05 12:25:00,25107.65,25114.27,25092.4,25096.95,146042,NIFTY 50
2026-01-05 12:26:00,25096.95,25128.65,25093.37,25119.75,30850,NIFTY 50
2026-01-05 12:27:00,25119.75,25125.86,25101.36,25107.75,34637,NIFTY 50
2026-01-05 12:28:00,25107.75,25117.35,25081.63,25088.35,74111,NIFTY 50
2026-01-05 12:29:00,25088.35,25092.48,25062.26,25070.0,45787,NIFTY 50
2026-01-05 12:30:00,25070.0,25087.11,25063.65,25081.4,124529,NIFTY 50
2026-01-05 12:31:00,25081.4,25103.83,25071.53,25100.0,116808,NIFTY 50
2026-01-05 12:32:00,25100.0,25103.19,25065.3,25075.2,109462,NIFTY 50
2026-01-05 12:33:00,25075.2,25077.39,25060.53,25064.5,141671,NIFTY 50
2026-01-05 12:34:00,25064.5,25072.71,25049.93,25057.2,73796,NIFTY 50
2026-01-05 12:35:00,25057.2,25107.37,25053.31,25099.0,109248,NIFTY 50
2026-01-05 12:36:00,25099.0,25105.71,25063.76,25067.3,84684,NIFTY 50
2026-01-05 12:37:00,25067.3,25069.38,25057.23,25066.4,97721,NIFTY 50
2026-01-05 12:38:00,25066.4,25074.0,25055.24,25060.8,112691,NIFTY 50
2026-01-05 12:39:00,25060.8,25074.19,25056.49,25071.8,120447,NIFTY 50
2026-01-05 12:40:00,25071.8,25078.89,25060.53,25063.65,68980,NIFTY 50
2026-01-05 12:41:00,25063.65,25069.58,25053.04,25056.2,126884,NIFTY 50
2026-01-05 12:42:00,25056.2,25076.49,25047.78,25067.65,149243,NIFTY 50
2026-01-05 12:43:00,25067.65,25073.39,25047.68,25055.45,68864,NIFTY 50
2026-01-05 12:44:00,25055.45,25062.79,25013.7,25017.55,59805,NIFTY 50
2026-01-05 12:45:00,25017.55,25039.17,25013.68,25029.5,144477,NIFTY 50
2026-01-05 12:46:00,25029.5,25035.82,25016.41,25025.3,122400,NIFTY 50
2026-01-05 12:47:00,25025.3,25045.6,25020.75,25040.7,105453,NIFTY 50
2026-01-05 12:48:00,25040.7,25044.64,25016.56,25023.95,134862,NIFTY 50
2026-01-05 12:49:00,25023.95,25033.58,25018.21,25028.4,82693,NIFTY 50
2026-01-05 12:50:00,25028.4,25035.25,25006.24,25010.75,33465,NIFTY 50
2026-01-05 12:51:00,25010.75,25014.46,24962.38,24970.65,72637,NIFTY 50
2026-01-05 12:52:00,24970.65,24976.44,24954.93,24964.5,122622,NIFTY 50
2026-01-05 12:53:00,24964.5,24974.41,24961.09,24963.9,99374,NIFTY 50
2026-01-05 12:54:00,24963.9,24993.48,24956.0,24989.45,66956,NIFTY 50
2026-01-05 12:55:00,24989.45,24992.05,24962.0,24971.65,124740,NIFTY 50
2026-01-05 12:56:00,24971.65,24978.61,24957.39,24962.95,90016,NIFTY 50
2026-01-05 12:57:00,24962.95,24980.0,24955.65,24970.5,123099,NIFTY 50
2026-01-05 12:58:00,24970.5,24973.87,24960.79,24971.0,33795,NIFTY 50
2026-01-05 12:59:00,24971.0,24980.32,24960.16,24962.45,127849,NIFTY 50
2026-01-05 13:00:00,24962.45,24965.83,24946.12,24948.55,109355,NIFTY 50
2026-01-05 13:01:00,24948.55,24962.35,24942.03,24958.55,91794,NIFTY 50
2026-01-05 13:02:00,24958.55,24968.39,24945.68,24955.25,89885,NIFTY 50
2026-01-05 13:03:00,24955.25,24976.83,24950.68,24973.5,148770,NIFTY 50
2026-01-05 13:04:00,24973.5,24979.51,24961.12,24964.35,61791,NIFTY 50
2026-01-05 13:05:00,24964.35,24967.85,24960.66,24965.15,31854,NIFTY 50
2026-01-05 13:06:00,24965.15,24977.18,24960.8,24972.2,143668,NIFTY 50
2026-01-05 13:07:00,24972.2,24975.43,24961.42,24964.2,134610,NIFTY 50
2026-01-05 13:08:00,24964.2,24975.28,24958.83,24967.4,81681,NIFTY 50
2026-01-05 13:09:00,24967.4,24982.19,24965.22,24978.95,42970,NIFTY 50
2026-01-05 13:10:00,24978.95,24985.96,24966.22,24973.9,104685,NIFTY 50
2026-01-05 13:11:00,24973.9,24982.47,24969.01,24980.3,131496,NIFTY 50
2026-01-05 13:12:00,24980.3,24988.79,24958.43,24964.6,142420,NIFTY 50
2026-01-05 13:13:00,24964.6,24973.73,24940.96,24949.0,108828,NIFTY 50
2026-01-05 13:14:00,24949.0,24957.0,24934.87,24942.5,105228,NIFTY 50
2026-01-05 13:15:00,24942.5,24969.14,24938.75,24960.2,139127,NIFTY 50
2026-01-05 13:16:00,24960.2,24964.4,24948.04,24956.65,68379,NIFTY 50
2026-01-05 13:17:00,24956.65,24970.07,24954.23,24965.0,144233,NIFTY 50
2026-01-05 13:18:00,24965.0,24973.3,24958.42,24963.0,49491,NIFTY 50
2026-01-05 13:19:00,24963.0,24974.79,24959.47,24967.3,81649,NIFTY 50
2026-01-05 13:20:00,24967.3,24977.01,24961.08,24964.2,85779,NIFTY 50
2026-01-05 13:21:00,24964.2,24990.42,24962.19,24985.35,106320,NIFTY 50
2026-01-05 13:22:00,24985.35,24993.86,24975.68,24989.3,113293,NIFTY 50
2026-01-05 13:23:00,24989.3,25011.15,24980.43,25001.25,99009,NIFTY 50
2026-01-05 13:24:00,25001.25,25034.22,24999.11,25026.85,83149,NIFTY 50
2026-01-05 13:25:00,25026.85,25029.87,24983.98,24991.9,143332,NIFTY 50
2026-01-05 13:26:00,24991.9,25002.02,24983.47,24995.65,102869,NIFTY 50
2026-01-05 13:27:00,24995.65,24998.44,24975.77,24978.85,36963,NIFTY 50
2026-01-05 13:28:00,24978.85,24981.85,24970.87,24979.5,98333,NIFTY 50
2026-01-05 13:29:00,24979.5,24996.77,24975.93,24989.65,106098,NIFTY 50
2026-01-05 13:30:00,24989.65,25008.86,24986.53,25002.95,47540,NIFTY 50
2026-01-05 13:31:00,25002.95,25011.35,24963.43,24967.9,41023,NIFTY 50
2026-01-05 13:32:00,24967.9,24986.79,24964.31,24984.35,123681,NIFTY 50
2026-01-05 13:33:00,24984.35,24992.29,24970.92,24974.4,53781,NIFTY 50
2026-01-05 13:34:00,24974.4,24995.28,24971.25,24992.95,62743,NIFTY 50
2026-01-05 13:35:00,24992.95,24998.67,24964.38,24969.55,71071,NIFTY 50
2026-01-05 13:36:00,24969.55,24978.7,24966.18,24973.25,128774,NIFTY 50
2026-01-05 13:37:00,24973.25,24998.8,24966.74,24996.45,62190,NIFTY 50
2026-01-05 13:38:00,24996.45,25009.25,24994.35,25004.55,99618,NIFTY 50
2026-01-05 13:39:00,25004.55,25012.89,24998.66,25009.25,146797,NIFTY 50
2026-01-05 13:40:00,25009.25,25014.21,24993.23,24999.4,104631,NIFTY 50
2026-01-05 13:41:00,24999.4,25018.72,24991.99,25009.65,109386,NIFTY 50
2026-01-05 13:42:00,25009.65,25018.22,24956.37,24960.75,90990,NIFTY 50
2026-01-05 13:43:00,24960.75,24968.73,24935.27,24937.35,56233,NIFTY 50
2026-01-05 13:44:00,24937.35,24946.66,24910.97,24920.6,57240,NIFTY 50
2026-01-05 13:45:00,24920.6,24934.24,24918.01,24928.45,50739,NIFTY 50
2026-01-05 13:46:00,24928.45,24933.56,24877.56,24881.85,66723,NIFTY 50
2026-01-05 13:47:00,24881.85,24886.68,24871.19,24875.6,128668,NIFTY 50
2026-01-05 13:48:00,24875.6,24891.33,24872.19,24884.7,94696,NIFTY 50
2026-01-05 13:49:00,24884.7,24889.14,24864.56,24874.1,111451,NIFTY 50
2026-01-05 13:50:00,24874.1,24881.22,24869.9,24873.75,137713,NIFTY 50
2026-01-05 13:51:00,24873.75,24881.08,24856.35,24863.3,91657,NIFTY 50
2026-01-05 13:52:00,24863.3,24899.68,24860.39,24890.75,122530,NIFTY 50
2026-01-05 13:53:00,24890.75,24899.43,24878.02,24885.35,63787,NIFTY 50
2026-01-05 13:54:00,24885.35,24891.87,24874.13,24882.2,80208,NIFTY 50
2026-01-05 13:55:00,24882.2,24909.22,24877.64,24904.4,39233,NIFTY 50
2026-01-05 13:56:00,24904.4,24909.47,24868.87,24877.75,96143,NIFTY 50
2026-01-05 13:57:00,24877.75,24906.7,24875.73,24903.95,115262,NIFTY 50
2026-01-05 13:58:00,24903.95,24918.39,24897.21,24914.45,87331,NIFTY 50
2026-01-05 13:59:00,24914.45,24943.67,24911.48,24933.9,70206,NIFTY 50
2026-01-05 14:00:00,24933.9,24970.33,24928.38,24960.7,40394,NIFTY 50
2026-01-05 14:01:00,24960.7,24967.66,24917.03,24920.75,82122,NIFTY 50
2026-01-05 14:02:00,24920.75,24923.94,24887.7,24893.65,46913,NIFTY 50
2026-01-05 14:03:00,24893.65,24899.07,24887.04,24891.75,79492,NIFTY 50
2026-01-05 14:04:00,24891.75,24904.29,24884.23,24896.8,129422,NIFTY 50
2026-01-05 14:05:00,24896.8,24899.5,24881.41,24889.4,92444,NIFTY 50
2026-01-05 14:06:00,24889.4,24898.98,24883.57,24885.65,144623,NIFTY 50
2026-01-05 14:07:00,24885.65,24887.92,24871.0,24877.35,33165,NIFTY 50
2026-01-05 14:08:00,24877.35,24896.15,24870.19,24889.0,51657,NIFTY 50
2026-01-05 14:09:00,24889.0,24894.37,24857.98,24865.45,91732,NIFTY 50
2026-01-05 14:10:00,24865.45,24874.7,24845.91,24848.65,52241,NIFTY 50
2026-01-05 14:11:00,24848.65,24853.37,24835.85,24840.65,118157,NIFTY 50
2026-01-05 14:12:00,24840.65,24846.95,24827.57,24830.1,74217,NIFTY 50
2026-01-05 14:13:00,24830.1,24879.1,24827.01,24875.55,139526,NIFTY 50
2026-01-05 14:14:00,24875.55,24881.39,24863.16,24872.7,45819,NIFTY 50
2026-01-05 14:15:00,24872.7,24877.38,24865.84,24872.5,68042,NIFTY 50
2026-01-05 14:16:00,24872.5,24878.44,24845.44,24850.1,109381,NIFTY 50
2026-01-05 14:17:00,24850.1,24869.62,24847.78,24862.55,131461,NIFTY 50
2026-01-05 14:18:00,24862.55,24878.34,24857.62,24870.2,134460,NIFTY 50
2026-01-05 14:19:00,24870.2,24873.64,24851.4,24858.0,75644,NIFTY 50
2026-01-05 14:20:00,24858.0,24865.74,24843.86,24851.25,87781,NIFTY 50
2026-01-05 14:21:00,24851.25,24859.77,24844.29,24850.5,71151,NIFTY 50
2026-01-05 14:22:00,24850.5,24859.61,24845.78,24849.8,54915,NIFTY 50
2026-01-05 14:23:00,24849.8,24859.51,24833.17,24842.35,41776,NIFTY 50
2026-01-05 14:24:00,24842.35,24867.71,24836.63,24862.05,134610,NIFTY 50
2026-01-05 14:25:00,24862.05,24871.84,24852.85,24862.15,31541,NIFTY 50
2026-01-05 14:26:00,24862.15,24870.11,24846.67,24853.05,47045,NIFTY 50
2026-01-05 14:27:00,24853.05,24861.73,24839.91,24844.05,48739,NIFTY 50
2026-01-05 14:28:00,24844.05,24851.89,24836.1,24849.5,119562,NIFTY 50
2026-01-05 14:29:00,24849.5,24894.95,24842.72,24885.6,92639,NIFTY 50
2026-01-05 14:30:00,24885.6,24925.63,24882.16,24916.05,55996,NIFTY 50
2026-01-05 14:31:00,24916.05,24929.36,24910.38,24924.8,38503,NIFTY 50
2026-01-05 14:32:00,24924.8,24951.29,24918.28,24948.4,140215,NIFTY 50
2026-01-05 14:33:00,24948.4,24962.47,24943.49,24954.1,62552,NIFTY 50
2026-01-05 14:34:00,24954.1,24956.66,24945.44,24951.25,107711,NIFTY 50
2026-01-05 14:35:00,24951.25,24960.74,24926.74,24933.35,67953,NIFTY 50
2026-01-05 14:36:00,24933.35,24967.72,24924.86,24961.7,54189,NIFTY 50
2026-01-05 14:37:00,24961.7,24969.82,24944.69,24948.0,45353,NIFTY 50
2026-01-05 14:38:00,24948.0,24955.88,24938.51,24945.85,64826,NIFTY 50
2026-01-05 14:39:00,24945.85,24955.81,24923.02,24927.9,87853,NIFTY 50
2026-01-05 14:40:00,24927.9,24937.62,24917.92,24929.15,36947,NIFTY 50
2026-01-05 14:41:00,24929.15,24975.38,24921.79,24970.85,60962,NIFTY 50
2026-01-05 14:42:00,24970.85,24973.44,24954.01,24961.25,46929,NIFTY 50
2026-01-05 14:43:00,24961.25,24966.31,24926.04,24931.1,113857,NIFTY 50
2026-01-05 14:44:00,24931.1,24933.27,24911.56,24918.95,114546,NIFTY 50
2026-01-05 14:45:00,24918.95,24927.66,24898.12,24900.95,84456,NIFTY 50
2026-01-05 14:46:00,24900.95,24903.01,24890.14,24893.1,111169,NIFTY 50
2026-01-05 14:47:00,24893.1,24896.11,24859.9,24864.3,114792,NIFTY 50
2026-01-05 14:48:00,24864.3,24880.2,24859.81,24875.3,82763,NIFTY 50
2026-01-05 14:49:00,24875.3,24882.93,24855.69,24861.25,122483,NIFTY 50
2026-01-05 14:50:00,24861.25,24874.55,24856.3,24866.6,133865,NIFTY 50
2026-01-05 14:51:00,24866.6,24875.39,24863.93,24869.95,123076,NIFTY 50
2026-01-05 14:52:00,24869.95,24896.44,24862.0,24892.6,48019,NIFTY 50
2026-01-05 14:53:00,24892.6,24908.57,24890.3,24902.05,72045,NIFTY 50
2026-01-05 14:54:00,24902.05,24919.57,24894.2,24910.55,132588,NIFTY 50
2026-01-05 14:55:00,24910.55,24929.02,24904.28,24920.4,123307,NIFTY 50
2026-01-05 14:56:00,24920.4,24935.25,24911.24,24930.9,119403,NIFTY 50
2026-01-05 14:57:00,24930.9,24933.88,24917.66,24926.85,124094,NIFTY 50
2026-01-05 14:58:00,24926.85,24931.73,24919.31,24929.35,30812,NIFTY 50
2026-01-05 14:59:00,24929.35,24938.02,24904.47,24908.65,112917,NIFTY 50
2026-01-05 15:00:00,24908.65,24922.12,24899.26,24913.05,46768,NIFTY 50
2026-01-05 15:01:00,24913.05,24928.64,24906.29,24922.5,34479,NIFTY 50
2026-01-05 15:02:00,24922.5,24926.03,24905.49,24909.7,121717,NIFTY 50
2026-01-05 15:03:00,24909.7,24943.41,24900.84,24935.35,75696,NIFTY 50
2026-01-05 15:04:00,24935.35,24971.55,24928.19,24964.45,107026,NIFTY 50
2026-01-05 15:05:00,24964.45,24967.96,24936.17,24942.8,123419,NIFTY 50
2026-01-05 15:06:00,24942.8,24949.91,24932.82,24942.25,127163,NIFTY 50
2026-01-05 15:07:00,24942.25,24950.29,24903.1,24912.6,35724,NIFTY 50
2026-01-05 15:08:00,24912.6,24935.51,24909.75,24933.05,84913,NIFTY 50
2026-01-05 15:09:00,24933.05,24944.82,24924.84,24935.3,99736,NIFTY 50
2026-01-05 15:10:00,24935.3,24959.72,24931.88,24950.5,127403,NIFTY 50
2026-01-05 15:11:00,24950.5,24961.91,24944.63,24953.95,61005,NIFTY 50
2026-01-05 15:12:00,24953.95,24963.17,24934.19,24938.4,37535,NIFTY 50
2026-01-05 15:13:00,24938.4,24942.56,24928.08,24934.1,70995,NIFTY 50
2026-01-05 15:14:00,24934.1,24939.62,24904.9,24909.3,44615,NIFTY 50
2026-01-05 15:15:00,24909.3,24930.25,24906.28,24923.4,87562,NIFTY 50
2026-01-05 15:16:00,24923.4,24934.58,24917.18,24930.0,90474,NIFTY 50
2026-01-05 15:17:00,24930.0,24941.64,24924.9,24937.25,41207,NIFTY 50
2026-01-05 15:18:00,24937.25,24940.01,24907.72,24917.55,86179,NIFTY 50
2026-01-05 15:19:00,24917.55,24924.66,24914.52,24920.25,145512,NIFTY 50
2026-01-05 15:20:00,24920.25,24942.43,24910.85,24934.9,66835,NIFTY 50
2026-01-05 15:21:00,24934.9,24941.6,24928.13,24934.1,133101,NIFTY 50
2026-01-05 15:22:00,24934.1,24942.05,24903.24,24911.6,41835,NIFTY 50
2026-01-05 15:23:00,24911.6,24934.37,24903.44,24924.45,69387,NIFTY 50
2026-01-05 15:24:00,24924.45,24929.25,24914.57,24925.6,103792,NIFTY 50
2026-01-05 15:25:00,24925.6,24936.54,24922.0,24930.25,135896,NIFTY 50
2026-01-05 15:26:00,24930.25,24935.9,24909.5,24915.95,83115,NIFTY 50
2026-01-05 15:27:00,24915.95,24926.65,24913.2,24919.3,44273,NIFTY 50
2026-01-05 15:28:00,24919.3,24927.33,24908.8,24913.2,102130,NIFTY 50
2026-01-05 15:29:00,24913.2,24918.26,24884.82,24888.8,76272,NIFTY 50
2026-01-05 15:30:00,24888.8,24894.2,24885.13,24889.25,78372,NIFTY 50
2026-01-06 09:15:00,24889.25,24898.32,24884.06,24892.25,51443,NIFTY 50
2026-01-06 09:16:00,24892.25,24925.09,24886.4,24922.0,75504,NIFTY 50
2026-01-06 09:17:00,24922.0,24928.06,24904.15,24911.65,93671,NIFTY 50
2026-01-06 09:18:00,24911.65,24921.07,24906.33,24909.35,51484,NIFTY 50
2026-01-06 09:19:00,24909.35,24914.29,24906.93,24909.1,42199,NIFTY 50
2026-01-06 09:20:00,24909.1,24923.12,24904.95,24921.05,85847,NIFTY 50
2026-01-06 09:21:00,24921.05,24955.82,24916.74,24950.05,48953,NIFTY 50
2026-01-06 09:22:00,24950.05,24957.75,24944.75,24947.9,116107,NIFTY 50
2026-01-06 09:23:00,24947.9,24977.82,24945.38,24973.55,99306,NIFTY 50
2026-01-06 09:24:00,24973.55,24979.75,24971.0,24974.85,86755,NIFTY 50
2026-01-06 09:25:00,24974.85,24983.27,24949.25,24952.1,139634,NIFTY 50
2026-01-06 09:26:00,24952.1,24954.5,24928.32,24934.2,43230,NIFTY 50
2026-01-06 09:27:00,24934.2,24962.13,24925.86,24953.95,38461,NIFTY 50
2026-01-06 09:28:00,24953.95,24958.1,24930.77,24939.75,74923,NIFTY 50
2026-01-06 09:29:00,24939.75,24948.34,24934.14,24941.2,126376,NIFTY 50
2026-01-06 09:30:00,24941.2,24950.83,24922.92,24925.8,145961,NIFTY 50
2026-01-06 09:31:00,24925.8,24935.31,24916.08,24928.9,118021,NIFTY 50
2026-01-06 09:32:00,24928.9,24937.3,24911.46,24918.25,71864,NIFTY 50
2026-01-06 09:33:00,24918.25,24929.47,24914.1,24924.2,61011,NIFTY 50
2026-01-06 09:34:00,24924.2,24932.85,24914.54,24920.25,50261,NIFTY 50
2026-01-06 09:35:00,24920.25,24930.44,24914.39,24923.5,79506,NIFTY 50
2026-01-06 09:36:00,24923.5,24928.73,24914.43,24920.05,84963,NIFTY 50
2026-01-06 09:37:00,24920.05,24928.63,24906.42,24909.4,116717,NIFTY 50
2026-01-06 09:38:00,24909.4,24912.72,24897.33,24900.6,141768,NIFTY 50
2026-01-06 09:39:00,24900.6,24905.75,24880.97,24886.8,65176,NIFTY 50
2026-01-06 09:40:00,24886.8,24892.3,24868.97,24877.0,83155,NIFTY 50
2026-01-06 09:41:00,24877.0,24881.74,24853.06,24858.7,141704,NIFTY 50
2026-01-06 09:42:00,24858.7,24876.79,24853.01,24871.45,66657,NIFTY 50
2026-01-06 09:43:00,24871.45,24881.63,24868.08,24877.7,44972,NIFTY 50
2026-01-06 09:44:00,24877.7,24881.65,24819.72,24823.6,67134,NIFTY 50
2026-01-06 09:45:00,24823.6,24846.97,24813.8,24843.5,30993,NIFTY 50
2026-01-06 09:46:00,24843.5,24850.39,24828.74,24837.55,87890,NIFTY 50
2026-01-06 09:47:00,24837.55,24849.65,24830.26,24842.75,124860,NIFTY 50
2026-01-06 09:48:00,24842.75,24846.81,24837.88,24843.8,93272,NIFTY 50
2026-01-06 09:49:00,24843.8,24851.0,24835.77,24842.05,126107,NIFTY 50
2026-01-06 09:50:00,24842.05,24869.08,24836.55,24860.1,87730,NIFTY 50
2026-01-06 09:51:00,24860.1,24867.89,24848.57,24856.8,149242,NIFTY 50
2026-01-06 09:52:00,24856.8,24859.23,24840.88,24844.2,94929,NIFTY 50
2026-01-06 09:53:00,24844.2,24847.92,24808.33,24815.7,118416,NIFTY 50
2026-01-06 09:54:00,24815.7,24824.06,24811.78,24818.3,87676,NIFTY 50
2026-01-06 09:55:00,24818.3,24820.75,24802.67,24805.95,100138,NIFTY 50
2026-01-06 09:56:00,24805.95,24812.32,24792.78,24795.35,69142,NIFTY 50
2026-01-06 09:57:00,24795.35,24812.74,24791.54,24808.2,138597,NIFTY 50
2026-01-06 09:58:00,24808.2,24848.37,24805.45,24845.8,36959,NIFTY 50
2026-01-06 09:59:00,24845.8,24853.28,24838.39,24841.2,96509,NIFTY 50
2026-01-06 10:00:00,24841.2,24856.44,24835.85,24849.65,55742,NIFTY 50
2026-01-06 10:01:00,24849.65,24855.85,24846.49,24849.6,91417,NIFTY 50
2026-01-06 10:02:00,24849.6,24878.06,24847.09,24871.75,89227,NIFTY 50
2026-01-06 10:03:00,24871.75,24902.4,24862.47,24896.05,59840,NIFTY 50
2026-01-06 10:04:00,24896.05,24907.93,24889.91,24904.75,35314,NIFTY 50
2026-01-06 10:05:00,24904.75,24928.77,24901.84,24919.7,55795,NIFTY 50
2026-01-06 10:06:00,24919.7,24928.24,24905.18,24914.25,137687,NIFTY 50
2026-01-06 10:07:00,24914.25,24918.78,24899.37,24904.15,66637,NIFTY 50
2026-01-06 10:08:00,24904.15,24919.58,24897.44,24914.65,86619,NIFTY 50
2026-01-06 10:09:00,24914.65,24920.94,24907.88,24913.95,109633,NIFTY 50
2026-01-06 10:10:00,24913.95,24916.01,24877.74,24883.4,32621,NIFTY 50
2026-01-06 10:11:00,24883.4,24887.91,24873.36,24881.05,102429,NIFTY 50
2026-01-06 10:12:00,24881.05,24888.94,24860.11,24863.0,122474,NIFTY 50
2026-01-06 10:13:00,24863.0,24874.14,24857.53,24868.15,81512,NIFTY 50
2026-01-06 10:14:00,24868.15,24871.4,24838.55,24841.9,53481,NIFTY 50
2026-01-06 10:15:00,24841.9,24876.77,24837.4,24871.85,57040,NIFTY 50
2026-01-06 10:16:00,24871.85,24883.96,24869.01,24881.95,131856,NIFTY 50
2026-01-06 10:17:00,24881.95,24900.98,24879.09,24894.9,108134,NIFTY 50
2026-01-06 10:18:00,24894.9,24901.82,24865.52,24874.6,61080,NIFTY 50
2026-01-06 10:19:00,24874.6,24894.8,24866.18,24885.95,137004,NIFTY 50
2026-01-06 10:20:00,24885.95,24895.36,24871.69,24875.25,57190,NIFTY 50
2026-01-06 10:21:00,24875.25,24883.98,24868.32,24875.3,45660,NIFTY 50
2026-01-06 10:22:00,24875.3,24903.21,24866.27,24900.15,88912,NIFTY 50
2026-01-06 10:23:00,24900.15,24909.24,24858.79,24862.0,35100,NIFTY 50
2026-01-06 10:24:00,24862.0,24867.57,24845.48,24848.2,49108,NIFTY 50
2026-01-06 10:25:00,24848.2,24873.3,24840.27,24870.3,57281,NIFTY 50
2026-01-06 10:26:00,24870.3,24872.95,24865.64,24869.0,142015,NIFTY 50
2026-01-06 10:27:00,24869.0,24872.99,24861.17,24868.75,83952,NIFTY 50
2026-01-06 10:28:00,24868.75,24893.51,24864.27,24888.45,76883,NIFTY 50
2026-01-06 10:29:00,24888.45,24903.59,24880.0,24894.6,110101,NIFTY 50
2026-01-06 10:30:00,24894.6,24918.76,24890.7,24914.6,93861,NIFTY 50
2026-01-06 10:31:00,24914.6,24920.7,24903.03,24909.4,47970,NIFTY 50
2026-01-06 10:32:00,24909.4,24912.65,24868.35,24871.05,145944,NIFTY 50
2026-01-06 10:33:00,24871.05,24893.55,24866.03,24885.2,72989,NIFTY 50
2026-01-06 10:34:00,24885.2,24887.97,24855.11,24865.0,32819,NIFTY 50
2026-01-06 10:35:00,24865.0,24867.61,24847.68,24856.3,59303,NIFTY 50
2026-01-06 10:36:00,24856.3,24862.73,24848.71,24852.8,72760,NIFTY 50
2026-01-06 10:37:00,24852.8,24892.09,24846.58,24882.7,147865,NIFTY 50
2026-01-06 10:38:00,24882.7,24888.7,24866.22,24868.45,75427,NIFTY 50
2026-01-06 10:39:00,24868.45,24878.13,24844.42,24851.85,57572,NIFTY 50
2026-01-06 10:40:00,24851.85,24863.41,24845.18,24856.75,132299,NIFTY 50
2026-01-06 10:41:00,24856.75,24864.7,24836.98,24840.45,106930,NIFTY 50
2026-01-06 10:42:00,24840.45,24871.54,24832.72,24861.6,133044,NIFTY 50
2026-01-06 10:43:00,24861.6,24875.01,24852.05,24870.65,144941,NIFTY 50
2026-01-06 10:44:00,24870.65,24905.65,24868.41,24900.75,125813,NIFTY 50
2026-01-06 10:45:00,24900.75,24921.17,24895.03,24913.2,63868,NIFTY 50
2026-01-06 10:46:00,24913.2,24919.89,24901.09,24904.3,84133,NIFTY 50
2026-01-06 10:47:00,24904.3,24916.06,24900.0,24906.1,78623,NIFTY 50
2026-01-06 10:48:00,24906.1,24930.03,24897.01,24920.15,129093,NIFTY 50
2026-01-06 10:49:00,24920.15,24925.91,24914.12,24923.25,126329,NIFTY 50
2026-01-06 10:50:00,24923.25,24945.13,24913.9,24935.75,38885,NIFTY 50
2026-01-06 10:51:00,24935.75,24964.65,24933.31,24961.6,34514,NIFTY 50
2026-01-06 10:52:00,24961.6,24979.1,24952.54,24973.35,118070,NIFTY 50
2026-01-06 10:53:00,24973.35,24993.87,24969.05,24986.15,134037,NIFTY 50
2026-01-06 10:54:00,24986.15,24989.91,24963.28,24972.45,30723,NIFTY 50
2026-01-06 10:55:00,24972.45,24981.72,24969.13,24974.1,65476,NIFTY 50
2026-01-06 10:56:00,24974.1,24981.84,24967.19,24972.25,59429,NIFTY 50
2026-01-06 10:57:00,24972.25,24983.28,24965.41,24975.75,102545,NIFTY 50
2026-01-06 10:58:00,24975.75,24983.16,24963.92,24966.45,100125,NIFTY 50
2026-01-06 10:59:00,24966.45,24991.98,24961.21,24986.6,145630,NIFTY 50
2026-01-06 11:00:00,24986.6,24992.32,24967.27,24976.95,38183,NIFTY 50
2026-01-06 11:01:00,24976.95,24998.42,24967.05,24994.8,73915,NIFTY 50
2026-01-06 11:02:00,24994.8,25002.69,24968.7,24974.6,136716,NIFTY 50
2026-01-06 11:03:00,24974.6,25005.48,24969.07,24997.75,91825,NIFTY 50
2026-01-06 11:04:00,24997.75,25005.2,24959.63,24967.15,40160,NIFTY 50
2026-01-06 11:05:00,24967.15,25035.88,24964.38,25028.4,58684,NIFTY 50
2026-01-06 11:06:00,25028.4,25041.3,25022.59,25038.0,78227,NIFTY 50
2026-01-06 11:07:00,25038.0,25061.63,25028.85,25059.3,41447,NIFTY 50
2026-01-06 11:08:00,25059.3,25061.83,25033.68,25039.4,92203,NIFTY 50
2026-01-06 11:09:00,25039.4,25047.34,25029.82,25044.5,111891,NIFTY 50
2026-01-06 11:10:00,25044.5,25070.81,25041.59,25061.05,48837,NIFTY 50
2026-01-06 11:11:00,25061.05,25063.68,25039.27,25044.05,97098,NIFTY 50
2026-01-06 11:12:00,25044.05,25064.38,25035.88,25054.85,113712,NIFTY 50
2026-01-06 11:13:00,25054.85,25062.67,25051.93,25057.4,30620,NIFTY 50
2026-01-06 11:14:00,25057.4,25099.84,25047.75,25096.3,61537,NIFTY 50
2026-01-06 11:15:00,25096.3,25102.62,25065.61,25070.75,104858,NIFTY 50
2026-01-06 11:16:00,25070.75,25080.66,25059.13,25068.25,47326,NIFTY 50
2026-01-06 11:17:00,25068.25,25075.14,25057.58,25060.55,124508,NIFTY 50
2026-01-06 11:18:00,25060.55,25079.99,25052.14,25075.85,125647,NIFTY 50
2026-01-06 11:19:00,25075.85,25099.15,25072.41,25093.75,68183,NIFTY 50
2026-01-06 11:20:00,25093.75,25103.72,25070.22,25077.1,43788,NIFTY 50
2026-01-06 11:21:00,25077.1,25084.28,25061.39,25069.65,82841,NIFTY 50
2026-01-06 11:22:00,25069.65,25074.8,25060.17,25069.25,69161,NIFTY 50
2026-01-06 11:23:00,25069.25,25078.93,25031.71,25034.35,145955,NIFTY 50
2026-01-06 11:24:00,25034.35,25039.01,24997.2,25001.05,136547,NIFTY 50
2026-01-06 11:25:00,25001.05,25018.11,24996.82,25013.6,49898,NIFTY 50
2026-01-06 11:26:00,25013.6,25045.45,25003.62,25035.95,123702,NIFTY 50
2026-01-06 11:27:00,25035.95,25059.02,25033.04,25055.65,149909,NIFTY 50
2026-01-06 11:28:00,25055.65,25063.96,25034.93,25044.75,53348,NIFTY 50
2026-01-06 11:29:00,25044.75,25074.4,25035.14,25067.95,124505,NIFTY 50
2026-01-06 11:30:00,25067.95,25072.21,25059.16,25066.35,121229,NIFTY 50
2026-01-06 11:31:00,25066.35,25078.8,25061.63,25074.15,81743,NIFTY 50
2026-01-06 11:32:00,25074.15,25081.13,25057.57,25066.65,149348,NIFTY 50
2026-01-06 11:33:00,25066.65,25075.82,25034.31,25037.75,138580,NIFTY 50
2026-01-06 11:34:00,25037.75,25042.34,25032.29,25034.7,52599,NIFTY 50
2026-01-06 11:35:00,25034.7,25043.91,24995.57,24999.0,111760,NIFTY 50
2026-01-06 11:36:00,24999.0,25008.08,24944.75,24953.05,122765,NIFTY 50
2026-01-06 11:37:00,24953.05,24976.92,24948.48,24974.05,73758,NIFTY 50
2026-01-06 11:38:00,24974.05,24979.68,24937.14,24942.7,88162,NIFTY 50
2026-01-06 11:39:00,24942.7,24947.08,24889.8,24895.2,84275,NIFTY 50
2026-01-06 11:40:00,24895.2,24908.25,24889.76,24902.9,123377,NIFTY 50
2026-01-06 11:41:00,24902.9,24923.26,24894.27,24913.8,53189,NIFTY 50
2026-01-06 11:42:00,24913.8,24922.59,24901.46,24905.9,137947,NIFTY 50
2026-01-06 11:43:00,24905.9,24910.73,24890.85,24895.15,36708,NIFTY 50
2026-01-06 11:44:00,24895.15,24899.29,24873.53,24881.2,116339,NIFTY 50
2026-01-06 11:45:00,24881.2,24902.84,24875.57,24899.1,53346,NIFTY 50
2026-01-06 11:46:00,24899.1,24911.1,24895.54,24902.8,59051,NIFTY 50
2026-01-06 11:47:00,24902.8,24910.21,24888.81,24893.2,126783,NIFTY 50
2026-01-06 11:48:00,24893.2,24922.0,24885.32,24914.45,74334,NIFTY 50
2026-01-06 11:49:00,24914.45,24921.25,24869.13,24875.9,58216,NIFTY 50
2026-01-06 11:50:00,24875.9,24879.85,24856.33,24861.1,56430,NIFTY 50
2026-01-06 11:51:00,24861.1,24877.05,24852.85,24868.35,91164,NIFTY 50
2026-01-06 11:52:00,24868.35,24880.64,24859.45,24872.2,107575,NIFTY 50
2026-01-06 11:53:00,24872.2,24895.47,24865.55,24886.45,94496,NIFTY 50
2026-01-06 11:54:00,24886.45,24895.26,24873.98,24880.75,85018,NIFTY 50
2026-01-06 11:55:00,24880.75,24911.26,24873.1,24904.25,87180,NIFTY 50
2026-01-06 11:56:00,24904.25,24941.74,24895.4,24938.75,62835,NIFTY 50
2026-01-06 11:57:00,24938.75,24946.9,24929.99,24932.6,125952,NIFTY 50
2026-01-06 11:58:00,24932.6,24949.3,24925.28,24943.45,36473,NIFTY 50
2026-01-06 11:59:00,24943.45,24949.36,24925.15,24929.6,79914,NIFTY 50
2026-01-06 12:00:00,24929.6,24938.99,24918.99,24923.65,99368,NIFTY 50
2026-01-06 12:01:00,24923.65,24930.52,24913.37,24918.85,124539,NIFTY 50
2026-01-06 12:02:00,24918.85,24933.73,24909.28,24925.2,121497,NIFTY 50
2026-01-06 12:03:00,24925.2,24973.58,24917.31,24967.1,37968,NIFTY 50
2026-01-06 12:04:00,24967.1,24980.39,24964.78,24975.05,91240,NIFTY 50
2026-01-06 12:05:00,24975.05,24982.61,24958.23,24964.95,60949,NIFTY 50
2026-01-06 12:06:00,24964.95,24972.55,24931.73,24938.55,44698,NIFTY 50
2026-01-06 12:07:00,24938.55,24945.24,24936.02,24938.65,41390,NIFTY 50
2026-01-06 12:08:00,24938.65,24964.12,24928.71,24957.2,134934,NIFTY 50
2026-01-06 12:09:00,24957.2,24964.15,24932.2,24940.1,85605,NIFTY 50
2026-01-06 12:10:00,24940.1,24942.55,24913.78,24922.9,41406,NIFTY 50
2026-01-06 12:11:00,24922.9,24932.4,24904.94,24912.15,60847,NIFTY 50
2026-01-06 12:12:00,24912.15,24914.97,24907.73,24912.9,49273,NIFTY 50
2026-01-06 12:13:00,24912.9,24921.89,24886.12,24896.05,38788,NIFTY 50
2026-01-06 12:14:00,24896.05,24902.05,24867.33,24876.5,81086,NIFTY 50
2026-01-06 12:15:00,24876.5,24886.01,24859.47,24865.75,58238,NIFTY 50
2026-01-06 12:16:00,24865.75,24889.86,24860.12,24881.9,88148,NIFTY 50
2026-01-06 12:17:00,24881.9,24897.71,24876.21,24890.25,62905,NIFTY 50
2026-01-06 12:18:00,24890.25,24899.84,24881.24,24888.1,53219,NIFTY 50
2026-01-06 12:19:00,24888.1,24894.29,24866.92,24870.4,67694,NIFTY 50
2026-01-06 12:20:00,24870.4,24913.38,24866.65,24910.75,92812,NIFTY 50
2026-01-06 12:21:00,24910.75,24918.5,24884.4,24892.6,48292,NIFTY 50
2026-01-06 12:22:00,24892.6,24918.28,24888.28,24910.35,71721,NIFTY 50
2026-01-06 12:23:00,24910.35,24916.67,24896.35,24900.2,88121,NIFTY 50
2026-01-06 12:24:00,24900.2,24909.85,24875.07,24877.85,100281,NIFTY 50
2026-01-06 12:25:00,24877.85,24882.19,24867.53,24872.5,107384,NIFTY 50
2026-01-06 12:26:00,24872.5,24886.3,24866.01,24877.95,61287,NIFTY 50
2026-01-06 12:27:00,24877.95,24885.54,24855.51,24861.15,65889,NIFTY 50
2026-01-06 12:28:00,24861.15,24867.79,24849.4,24851.55,92223,NIFTY 50
2026-01-06 12:29:00,24851.55,24858.81,24835.1,24844.4,77099,NIFTY 50
2026-01-06 12:30:00,24844.4,24851.08,24817.54,24825.5,34104,NIFTY 50
2026-01-06 12:31:00,24825.5,24856.75,24817.76,24849.1,39140,NIFTY 50
2026-01-06 12:32:00,24849.1,24869.01,24844.26,24860.15,78099,NIFTY 50
2026-01-06 12:33:00,24860.15,24869.32,24849.12,24856.45,111563,NIFTY 50
2026-01-06 12:34:00,24856.45,24877.43,24851.33,24870.5,115882,NIFTY 50
2026-01-06 12:35:00,24870.5,24886.39,24861.32,24880.7,61507,NIFTY 50
2026-01-06 12:36:00,24880.7,24888.72,24857.01,24866.85,95439,NIFTY 50
2026-01-06 12:37:00,24866.85,24880.99,24856.86,24872.75,95776,NIFTY 50
2026-01-06 12:38:00,24872.75,24882.68,24864.11,24869.55,117539,NIFTY 50
2026-01-06 12:39:00,24869.55,24895.09,24864.43,24890.6,59651,NIFTY 50
2026-01-06 12:40:00,24890.6,24919.64,24881.5,24917.15,84299,NIFTY 50
2026-01-06 12:41:00,24917.15,24932.2,24908.28,24922.35,89388,NIFTY 50
2026-01-06 12:42:00,24922.35,24930.71,24896.02,24899.0,95307,NIFTY 50
2026-01-06 12:43:00,24899.0,24905.68,24867.02,24870.95,131085,NIFTY 50
2026-01-06 12:44:00,24870.95,24875.13,24839.87,24846.75,76559,NIFTY 50
2026-01-06 12:45:00,24846.75,24854.61,24830.13,24839.95,115343,NIFTY 50
2026-01-06 12:46:00,24839.95,24847.04,24822.66,24826.0,84612,NIFTY 50
2026-01-06 12:47:00,24826.0,24842.05,24821.16,24836.95,129377,NIFTY 50
2026-01-06 12:48:00,24836.95,24849.57,24828.77,24839.65,137223,NIFTY 50
2026-01-06 12:49:00,24839.65,24859.1,24836.43,24852.05,64409,NIFTY 50
2026-01-06 12:50:00,24852.05,24872.38,24844.03,24866.05,55557,NIFTY 50
2026-01-06 12:51:00,24866.05,24870.15,24832.92,24842.1,101919,NIFTY 50
2026-01-06 12:52:00,24842.1,24849.99,24817.67,24826.3,33387,NIFTY 50
2026-01-06 12:53:00,24826.3,24831.13,24805.1,24812.1,109681,NIFTY 50
2026-01-06 12:54:00,24812.1,24822.33,24806.86,24817.85,70082,NIFTY 50
2026-01-06 12:55:00,24817.85,24853.83,24810.9,24848.2,40236,NIFTY 50
2026-01-06 12:56:00,24848.2,24857.77,24825.0,24827.9,129555,NIFTY 50
2026-01-06 12:57:00,24827.9,24836.68,24818.65,24832.35,135817,NIFTY 50
2026-01-06 12:58:00,24832.35,24837.13,24799.3,24808.9,94833,NIFTY 50
2026-01-06 12:59:00,24808.9,24817.19,24788.21,24794.2,130447,NIFTY 50
2026-01-06 13:00:00,24794.2,24800.97,24774.42,24783.95,80006,NIFTY 50
2026-01-06 13:01:00,24783.95,24790.0,24762.16,24770.3,120410,NIFTY 50
2026-01-06 13:02:00,24770.3,24773.7,24728.4,24737.85,98593,NIFTY 50
2026-01-06 13:03:00,24737.85,24744.64,24728.35,24741.05,120248,NIFTY 50
2026-01-06 13:04:00,24741.05,24744.8,24732.63,24738.5,48986,NIFTY 50
2026-01-06 13:05:00,24738.5,24742.98,24734.72,24739.85,110897,NIFTY 50
2026-01-06 13:06:00,24739.85,24752.45,24736.69,24747.55,71282,NIFTY 50
2026-01-06 13:07:00,24747.55,24750.95,24719.84,24726.05,60475,NIFTY 50
2026-01-06 13:08:00,24726.05,24731.35,24720.74,24727.0,37990,NIFTY 50
2026-01-06 13:09:00,24727.0,24735.28,24722.44,24727.35,126033,NIFTY 50
2026-01-06 13:10:00,24727.35,24734.55,24720.14,24724.4,75641,NIFTY 50
2026-01-06 13:11:00,24724.4,24733.8,24717.88,24723.4,125579,NIFTY 50
2026-01-06 13:12:00,24723.4,24726.4,24714.04,24721.3,69656,NIFTY 50
2026-01-06 13:13:00,24721.3,24726.09,24713.13,24720.65,110350,NIFTY 50
2026-01-06 13:14:00,24720.65,24728.05,24685.89,24689.8,123910,NIFTY 50
2026-01-06 13:15:00,24689.8,24712.65,24680.13,24703.3,125875,NIFTY 50
2026-01-06 13:16:00,24703.3,24708.15,24691.43,24699.85,145747,NIFTY 50
2026-01-06 13:17:00,24699.85,24707.05,24684.02,24686.35,130374,NIFTY 50
2026-01-06 13:18:00,24686.35,24694.44,24675.21,24678.3,64292,NIFTY 50
2026-01-06 13:19:00,24678.3,24687.39,24671.84,24680.45,72943,NIFTY 50
2026-01-06 13:20:00,24680.45,24699.54,24670.6,24692.25,140066,NIFTY 50
2026-01-06 13:21:00,24692.25,24699.17,24679.71,24682.65,122324,NIFTY 50
2026-01-06 13:22:00,24682.65,24694.96,24678.37,24688.3,61316,NIFTY 50
2026-01-06 13:23:00,24688.3,24690.96,24679.46,24686.35,108425,NIFTY 50
2026-01-06 13:24:00,24686.35,24693.03,24661.43,24667.85,129314,NIFTY 50
2026-01-06 13:25:00,24667.85,24672.38,24654.55,24657.9,121465,NIFTY 50
2026-01-06 13:26:00,24657.9,24693.05,24652.18,24684.45,69766,NIFTY 50
2026-01-06 13:27:00,24684.45,24688.1,24633.5,24642.0,83241,NIFTY 50
2026-01-06 13:28:00,24642.0,24667.73,24636.38,24661.75,134206,NIFTY 50
2026-01-06 13:29:00,24661.75,24666.0,24641.97,24648.6,115189,NIFTY 50
2026-01-06 13:30:00,24648.6,24667.59,24643.35,24658.8,66090,NIFTY 50
2026-01-06 13:31:00,24658.8,24695.11,24649.75,24691.25,108222,NIFTY 50
2026-01-06 13:32:00,24691.25,24699.35,24668.35,24672.7,36908,NIFTY 50
2026-01-06 13:33:00,24672.7,24677.57,24666.96,24672.45,127222,NIFTY 50
2026-01-06 13:34:00,24672.45,24711.53,24669.89,24708.95,32495,NIFTY 50
2026-01-06 13:35:00,24708.95,24714.6,24695.31,24699.6,112459,NIFTY 50
2026-01-06 13:36:00,24699.6,24703.07,24683.41,24691.65,79559,NIFTY 50
2026-01-06 13:37:00,24691.65,24696.33,24662.03,24666.4,40292,NIFTY 50
2026-01-06 13:38:00,24666.4,24670.15,24660.36,24662.75,134282,NIFTY 50
2026-01-06 13:39:00,24662.75,24665.63,24655.83,24662.6,83882,NIFTY 50
2026-01-06 13:40:00,24662.6,24674.27,24653.32,24670.8,56087,NIFTY 50
2026-01-06 13:41:00,24670.8,24687.89,24664.33,24681.85,145247,NIFTY 50
2026-01-06 13:42:00,24681.85,24720.67,24672.0,24714.55,148161,NIFTY 50
2026-01-06 13:43:00,24714.55,24727.26,24706.69,24717.7,57108,NIFTY 50
2026-01-06 13:44:00,24717.7,24725.66,24697.08,24699.15,122134,NIFTY 50
2026-01-06 13:45:00,24699.15,24707.28,24689.33,24698.6,46625,NIFTY 50
2026-01-06 13:46:00,24698.6,24736.37,24691.25,24732.2,73525,NIFTY 50
2026-01-06 13:47:00,24732.2,24737.89,24724.52,24733.1,107003,NIFTY 50
2026-01-06 13:48:00,24733.1,24741.07,24728.55,24733.4,106580,NIFTY 50
2026-01-06 13:49:00,24733.4,24739.94,24729.8,24734.65,105528,NIFTY 50
2026-01-06 13:50:00,24734.65,24743.94,24713.88,24722.65,118201,NIFTY 50
2026-01-06 13:51:00,24722.65,24737.65,24714.69,24728.75,137109,NIFTY 50
2026-01-06 13:52:00,24728.75,24738.01,24711.44,24714.95,73110,NIFTY 50
2026-01-06 13:53:00,24714.95,24724.43,24699.72,24708.8,119977,NIFTY 50
2026-01-06 13:54:00,24708.8,24712.99,24690.26,24698.5,137388,NIFTY 50
2026-01-06 13:55:00,24698.5,24702.3,24696.31,24698.95,125642,NIFTY 50
2026-01-06 13:56:00,24698.95,24702.17,24692.28,24697.7,67911,NIFTY 50
2026-01-06 13:57:00,24697.7,24711.1,24690.09,24701.45,93954,NIFTY 50
2026-01-06 13:58:00,24701.45,24708.4,24691.97,24702.65,134975,NIFTY 50
2026-01-06 13:59:00,24702.65,24709.37,24670.37,24673.3,117509,NIFTY 50
2026-01-06 14:00:00,24673.3,24689.86,24668.6,24681.95,65155,NIFTY 50
2026-01-06 14:01:00,24681.95,24695.6,24673.64,24687.0,46102,NIFTY 50
2026-01-06 14:02:00,24687.0,24695.09,24684.85,24690.85,121890,NIFTY 50
2026-01-06 14:03:00,24690.85,24711.68,24682.53,24708.6,93382,NIFTY 50
2026-01-06 14:04:00,24708.6,24711.99,24676.92,24680.95,52814,NIFTY 50
2026-01-06 14:05:00,24680.95,24690.34,24672.91,24676.8,104574,NIFTY 50
2026-01-06 14:06:00,24676.8,24693.06,24672.29,24689.2,145250,NIFTY 50
2026-01-06 14:07:00,24689.2,24715.28,24683.87,24706.5,37422,NIFTY 50
2026-01-06 14:08:00,24706.5,24713.74,24700.94,24703.2,74203,NIFTY 50
2026-01-06 14:09:00,24703.2,24709.2,24698.92,24705.5,122286,NIFTY 50
2026-01-06 14:10:00,24705.5,24714.9,24666.23,24671.3,89932,NIFTY 50
2026-01-06 14:11:00,24671.3,24697.24,24661.32,24687.25,109938,NIFTY 50
2026-01-06 14:12:00,24687.25,24694.79,24683.44,24687.85,80782,NIFTY 50
2026-01-06 14:13:00,24687.85,24692.86,24681.12,24686.4,132199,NIFTY 50
2026-01-06 14:14:00,24686.4,24692.04,24652.86,24660.0,137486,NIFTY 50
2026-01-06 14:15:00,24660.0,24668.77,24653.69,24661.45,58734,NIFTY 50
2026-01-06 14:16:00,24661.45,24690.47,24652.09,24686.05,30588,NIFTY 50
2026-01-06 14:17:00,24686.05,24703.72,24677.53,24697.55,67122,NIFTY 50
2026-01-06 14:18:00,24697.55,24704.83,24691.38,24693.7,82705,NIFTY 50
2026-01-06 14:19:00,24693.7,24703.65,24688.64,24691.75,135768,NIFTY 50
2026-01-06 14:20:00,24691.75,24698.51,24663.05,24670.45,132189,NIFTY 50
2026-01-06 14:21:00,24670.45,24677.9,24636.56,24640.45,127216,NIFTY 50
2026-01-06 14:22:00,24640.45,24648.07,24634.05,24637.35,77092,NIFTY 50
2026-01-06 14:23:00,24637.35,24639.82,24620.14,24624.6,111530,NIFTY 50
2026-01-06 14:24:00,24624.6,24634.22,24617.95,24631.8,136287,NIFTY 50
2026-01-06 14:25:00,24631.8,24639.06,24615.82,24618.75,68392,NIFTY 50
2026-01-06 14:26:00,24618.75,24625.12,24572.38,24575.95,65608,NIFTY 50
2026-01-06 14:27:00,24575.95,24579.74,24562.03,24569.0,114182,NIFTY 50
2026-01-06 14:28:00,24569.0,24577.22,24564.82,24574.55,69214,NIFTY 50
2026-01-06 14:29:00,24574.55,24584.04,24552.11,24557.85,103665,NIFTY 50
2026-01-06 14:30:00,24557.85,24572.42,24549.44,24567.45,111409,NIFTY 50
2026-01-06 14:31:00,24567.45,24577.12,24535.81,24541.4,49659,NIFTY 50
2026-01-06 14:32:00,24541.4,24554.3,24534.64,24547.05,106880,NIFTY 50
2026-01-06 14:33:00,24547.05,24554.14,24517.52,24521.75,111987,NIFTY 50
2026-01-06 14:34:00,24521.75,24536.4,24512.75,24529.8,112722,NIFTY 50
2026-01-06 14:35:00,24529.8,24536.45,24524.86,24534.4,142500,NIFTY 50
2026-01-06 14:36:00,24534.4,24537.8,24523.01,24528.4,87719,NIFTY 50
2026-01-06 14:37:00,24528.4,24561.51,24520.09,24552.2,91530,NIFTY 50
2026-01-06 14:38:00,24552.2,24555.5,24537.47,24546.7,99875,NIFTY 50
2026-01-06 14:39:00,24546.7,24551.41,24510.7,24519.3,31405,NIFTY 50
2026-01-06 14:40:00,24519.3,24522.88,24508.86,24512.85,88585,NIFTY 50
2026-01-06 14:41:00,24512.85,24523.92,24510.65,24517.9,132085,NIFTY 50
2026-01-06 14:42:00,24517.9,24525.65,24509.15,24521.8,35254,NIFTY 50
2026-01-06 14:43:00,24521.8,24531.13,24512.06,24522.2,82977,NIFTY 50
2026-01-06 14:44:00,24522.2,24548.12,24513.32,24544.2,83306,NIFTY 50
2026-01-06 14:45:00,24544.2,24554.59,24537.94,24548.2,65018,NIFTY 50
2026-01-06 14:46:00,24548.2,24557.63,24529.5,24533.2,80759,NIFTY 50
2026-01-06 14:47:00,24533.2,24600.94,24528.76,24591.6,62577,NIFTY 50
2026-01-06 14:48:00,24591.6,24612.65,24588.71,24608.1,87565,NIFTY 50
2026-01-06 14:49:00,24608.1,24620.93,24601.88,24615.05,42462,NIFTY 50
2026-01-06 14:50:00,24615.05,24619.09,24608.71,24614.7,116839,NIFTY 50
2026-01-06 14:51:00,24614.7,24665.11,24605.5,24659.0,92228,NIFTY 50
2026-01-06 14:52:00,24659.0,24667.78,24632.46,24635.65,58179,NIFTY 50
2026-01-06 14:53:00,24635.65,24643.87,24626.39,24633.8,96993,NIFTY 50
2026-01-06 14:54:00,24633.8,24652.22,24628.11,24645.5,63196,NIFTY 50
2026-01-06 14:55:00,24645.5,24647.87,24625.21,24633.15,93123,NIFTY 50
2026-01-06 14:56:00,24633.15,24637.14,24624.0,24630.1,52360,NIFTY 50
2026-01-06 14:57:00,24630.1,24636.17,24606.9,24610.4,74534,NIFTY 50
2026-01-06 14:58:00,24610.4,24620.17,24583.35,24589.2,85217,NIFTY 50
2026-01-06 14:59:00,24589.2,24606.73,24583.04,24599.55,83332,NIFTY 50
2026-01-06 15:00:00,24599.55,24629.09,24595.72,24619.45,43035,NIFTY 50
2026-01-06 15:01:00,24619.45,24629.33,24592.85,24600.75,131475,NIFTY 50
2026-01-06 15:02:00,24600.75,24627.99,24595.96,24619.8,82293,NIFTY 50
2026-01-06 15:03:00,24619.8,24669.42,24612.7,24660.7,86365,NIFTY 50
2026-01-06 15:04:00,24660.7,24668.22,24639.74,24645.95,33310,NIFTY 50
2026-01-06 15:05:00,24645.95,24658.55,24637.56,24656.5,149558,NIFTY 50
2026-01-06 15:06:00,24656.5,24659.38,24635.24,24645.05,113004,NIFTY 50
2026-01-06 15:07:00,24645.05,24650.9,24617.41,24625.55,72701,NIFTY 50
2026-01-06 15:08:00,24625.55,24636.96,24616.6,24633.9,57155,NIFTY 50
2026-01-06 15:09:00,24633.9,24641.02,24618.38,24623.25,141866,NIFTY 50
2026-01-06 15:10:00,24623.25,24630.06,24608.07,24613.45,114700,NIFTY 50
2026-01-06 15:11:00,24613.45,24624.05,24608.06,24618.7,134407,NIFTY 50
2026-01-06 15:12:00,24618.7,24633.94,24611.83,24628.15,58932,NIFTY 50
2026-01-06 15:13:00,24628.15,24648.39,24618.78,24645.05,79099,NIFTY 50
2026-01-06 15:14:00,24645.05,24649.85,24623.98,24631.65,88716,NIFTY 50
2026-01-06 15:15:00,24631.65,24648.06,24624.02,24640.15,68518,NIFTY 50
2026-01-06 15:16:00,24640.15,24655.22,24632.71,24648.1,70104,NIFTY 50
2026-01-06 15:17:00,24648.1,24667.48,24644.82,24662.0,49528,NIFTY 50
2026-01-06 15:18:00,24662.0,24667.47,24628.15,24635.0,125687,NIFTY 50
2026-01-06 15:19:00,24635.0,24641.66,24616.61,24622.75,77848,NIFTY 50
2026-01-06 15:20:00,24622.75,24627.64,24616.18,24618.25,112841,NIFTY 50
2026-01-06 15:21:00,24618.25,24623.96,24600.56,24607.1,40072,NIFTY 50
2026-01-06 15:22:00,24607.1,24617.03,24598.86,24600.9,135915,NIFTY 50
2026-01-06 15:23:00,24600.9,24607.83,24588.55,24597.25,33517,NIFTY 50
2026-01-06 15:24:00,24597.25,24614.12,24593.39,24608.6,131403,NIFTY 50
2026-01-06 15:25:00,24608.6,24610.95,24597.05,24600.05,113897,NIFTY 50
2026-01-06 15:26:00,24600.05,24620.54,24595.39,24611.55,126843,NIFTY 50
2026-01-06 15:27:00,24611.55,24616.5,24598.95,24604.45,48899,NIFTY 50
2026-01-06 15:28:00,24604.45,24651.79,24594.52,24645.2,110769,NIFTY 50
2026-01-06 15:29:00,24645.2,24648.39,24635.26,24641.25,129317,NIFTY 50
2026-01-06 15:30:00,24641.25,24649.46,24589.12,24596.55,32944,NIFTY 50
2026-01-07 09:15:00,24596.55,24604.78,24580.76,24584.6,38425,NIFTY 50
2026-01-07 09:16:00,24584.6,24587.77,24567.74,24571.6,99513,NIFTY 50
2026-01-07 09:17:00,24571.6,24581.49,24566.34,24577.2,64826,NIFTY 50
2026-01-07 09:18:00,24577.2,24587.64,24574.68,24581.5,90054,NIFTY 50
2026-01-07 09:19:00,24581.5,24591.48,24576.33,24589.4,95955,NIFTY 50
2026-01-07 09:20:00,24589.4,24626.02,24581.51,24619.9,114850,NIFTY 50
2026-01-07 09:21:00,24619.9,24637.97,24616.45,24630.4,51064,NIFTY 50
2026-01-07 09:22:00,24630.4,24638.75,24622.03,24625.75,57710,NIFTY 50
2026-01-07 09:23:00,24625.75,24629.89,24619.09,24624.45,147477,NIFTY 50
2026-01-07 09:24:00,24624.45,24627.47,24578.05,24587.2,77411,NIFTY 50
2026-01-07 09:25:00,24587.2,24594.46,24578.42,24580.75,128692,NIFTY 50
2026-01-07 09:26:00,24580.75,24586.59,24560.61,24568.15,94122,NIFTY 50
2026-01-07 09:27:00,24568.15,24601.0,24559.92,24591.75,50057,NIFTY 50
2026-01-07 09:28:00,24591.75,24594.54,24551.54,24558.55,55644,NIFTY 50
2026-01-07 09:29:00,24558.55,24581.91,24552.45,24577.1,147174,NIFTY 50
2026-01-07 09:30:00,24577.1,24609.55,24573.08,24599.95,143841,NIFTY 50
2026-01-07 09:31:00,24599.95,24613.34,24596.12,24607.8,71135,NIFTY 50
2026-01-07 09:32:00,24607.8,24615.26,24587.18,24596.05,66958,NIFTY 50
2026-01-07 09:33:00,24596.05,24612.61,24592.92,24604.25,67011,NIFTY 50
2026-01-07 09:34:00,24604.25,24629.4,24599.34,24623.75,48911,NIFTY 50
2026-01-07 09:35:00,24623.75,24640.6,24615.93,24635.5,39365,NIFTY 50
2026-01-07 09:36:00,24635.5,24644.51,24598.34,24606.75,116096,NIFTY 50
2026-01-07 09:37:00,24606.75,24615.53,24590.59,24594.7,87206,NIFTY 50
2026-01-07 09:38:00,24594.7,24604.48,24584.18,24592.05,122089,NIFTY 50
2026-01-07 09:39:00,24592.05,24611.79,24588.09,24606.65,75092,NIFTY 50
2026-01-07 09:40:00,24606.65,24616.4,24597.52,24613.5,69842,NIFTY 50
2026-01-07 09:41:00,24613.5,24647.72,24603.65,24640.95,42226,NIFTY 50
2026-01-07 09:42:00,24640.95,24645.29,24626.42,24629.9,124689,NIFTY 50
2026-01-07 09:43:00,24629.9,24660.89,24625.49,24658.05,53906,NIFTY 50
2026-01-07 09:44:00,24658.05,24666.61,24630.62,24639.65,35515,NIFTY 50
2026-01-07 09:45:00,24639.65,24648.58,24634.55,24638.85,126017,NIFTY 50
2026-01-07 09:46:00,24638.85,24646.71,24619.55,24626.65,99175,NIFTY 50
2026-01-07 09:47:00,24626.65,24655.36,24624.54,24648.35,43780,NIFTY 50
2026-01-07 09:48:00,24648.35,24680.37,24645.45,24674.9,101146,NIFTY 50
2026-01-07 09:49:00,24674.9,24677.67,24652.49,24659.6,92445,NIFTY 50
2026-01-07 09:50:00,24659.6,24665.37,24646.14,24651.0,55450,NIFTY 50
2026-01-07 09:51:00,24651.0,24657.4,24632.04,24640.0,130245,NIFTY 50
2026-01-07 09:52:00,24640.0,24646.1,24612.48,24614.5,120330,NIFTY 50
2026-01-07 09:53:00,24614.5,24617.07,24604.57,24608.0,53496,NIFTY 50
2026-01-07 09:54:00,24608.0,24616.15,24578.68,24580.7,119875,NIFTY 50
2026-01-07 09:55:00,24580.7,24590.16,24565.25,24573.2,141084,NIFTY 50
2026-01-07 09:56:00,24573.2,24607.71,24568.75,24602.05,38013,NIFTY 50
2026-01-07 09:57:00,24602.05,24611.03,24584.36,24589.1,109893,NIFTY 50
2026-01-07 09:58:00,24589.1,24592.79,24553.96,24563.05,115196,NIFTY 50
2026-01-07 09:59:00,24563.05,24569.51,24545.89,24553.0,37072,NIFTY 50
2026-01-07 10:00:00,24553.0,24562.4,24547.26,24550.7,90335,NIFTY 50
2026-01-07 10:01:00,24550.7,24556.02,24539.58,24547.2,71296,NIFTY 50
2026-01-07 10:02:00,24547.2,24564.86,24542.44,24556.6,84064,NIFTY 50
2026-01-07 10:03:00,24556.6,24562.1,24521.25,24530.4,70421,NIFTY 50
2026-01-07 10:04:00,24530.4,24545.88,24520.78,24538.45,129676,NIFTY 50
2026-01-07 10:05:00,24538.45,24546.56,24514.92,24518.4,37728,NIFTY 50
2026-01-07 10:06:00,24518.4,24520.72,24467.0,24474.9,135009,NIFTY 50
2026-01-07 10:07:00,24474.9,24482.13,24462.8,24468.15,41783,NIFTY 50
2026-01-07 10:08:00,24468.15,24474.16,24436.82,24445.95,111189,NIFTY 50
2026-01-07 10:09:00,24445.95,24455.03,24400.93,24406.5,70910,NIFTY 50
2026-01-07 10:10:00,24406.5,24416.48,24371.21,24376.4,147815,NIFTY 50
2026-01-07 10:11:00,24376.4,24388.85,24368.95,24383.55,40487,NIFTY 50
2026-01-07 10:12:00,24383.55,24386.56,24355.72,24358.45,77383,NIFTY 50
2026-01-07 10:13:00,24358.45,24367.38,24337.82,24346.9,98926,NIFTY 50
2026-01-07 10:14:00,24346.9,24352.16,24326.56,24331.5,75290,NIFTY 50
2026-01-07 10:15:00,24331.5,24344.2,24323.8,24337.5,73511,NIFTY 50
2026-01-07 10:16:00,24337.5,24343.12,24328.9,24336.75,114274,NIFTY 50
2026-01-07 10:17:00,24336.75,24345.34,24321.41,24326.55,63294,NIFTY 50
2026-01-07 10:18:00,24326.55,24335.71,24314.08,24319.9,146786,NIFTY 50
2026-01-07 10:19:00,24319.9,24324.59,24312.51,24315.2,116278,NIFTY 50
2026-01-07 10:20:00,24315.2,24318.42,24306.98,24311.9,69025,NIFTY 50
2026-01-07 10:21:00,24311.9,24327.45,24306.93,24318.95,97814,NIFTY 50
2026-01-07 10:22:00,24318.95,24341.03,24310.92,24335.9,61833,NIFTY 50
2026-01-07 10:23:00,24335.9,24338.69,24330.94,24334.65,83466,NIFTY 50
2026-01-07 10:24:00,24334.65,24354.84,24327.24,24347.35,85002,NIFTY 50
2026-01-07 10:25:00,24347.35,24349.97,24321.82,24326.5,131662,NIFTY 50
2026-01-07 10:26:00,24326.5,24335.49,24311.3,24321.3,34573,NIFTY 50
2026-01-07 10:27:00,24321.3,24325.22,24308.86,24311.85,121849,NIFTY 50
2026-01-07 10:28:00,24311.85,24320.28,24292.68,24300.25,38835,NIFTY 50
2026-01-07 10:29:00,24300.25,24303.84,24285.71,24289.7,63068,NIFTY 50
2026-01-07 10:30:00,24289.7,24310.65,24287.11,24306.2,55957,NIFTY 50
2026-01-07 10:31:00,24306.2,24311.43,24295.61,24300.6,75551,NIFTY 50
2026-01-07 10:32:00,24300.6,24312.45,24292.53,24306.45,45121,NIFTY 50
2026-01-07 10:33:00,24306.45,24312.02,24289.28,24293.95,142106,NIFTY 50
2026-01-07 10:34:00,24293.95,24308.97,24284.53,24306.55,123848,NIFTY 50
2026-01-07 10:35:00,24306.55,24310.08,24286.75,24290.4,66798,NIFTY 50
2026-01-07 10:36:00,24290.4,24315.81,24282.92,24306.35,60147,NIFTY 50
2026-01-07 10:37:00,24306.35,24326.31,24302.69,24319.55,104682,NIFTY 50
2026-01-07 10:38:00,24319.55,24326.0,24295.59,24297.75,84444,NIFTY 50
2026-01-07 10:39:00,24297.75,24310.07,24288.36,24304.0,120111,NIFTY 50
2026-01-07 10:40:00,24304.0,24324.21,24297.11,24316.4,104936,NIFTY 50
2026-01-07 10:41:00,24316.4,24330.23,24307.05,24320.45,38470,NIFTY 50
2026-01-07 10:42:00,24320.45,24345.69,24311.23,24335.75,85756,NIFTY 50
2026-01-07 10:43:00,24335.75,24338.28,24315.78,24321.0,70283,NIFTY 50
2026-01-07 10:44:00,24321.0,24324.58,24297.56,24301.65,55547,NIFTY 50
2026-01-07 10:45:00,24301.65,24306.67,24288.26,24293.7,135382,NIFTY 50
2026-01-07 10:46:00,24293.7,24307.26,24286.54,24298.6,43770,NIFTY 50
2026-01-07 10:47:00,24298.6,24312.33,24295.05,24302.65,76370,NIFTY 50
2026-01-07 10:48:00,24302.65,24321.19,24292.9,24312.45,122627,NIFTY 50
2026-01-07 10:49:00,24312.45,24350.21,24305.98,24345.0,79937,NIFTY 50
2026-01-07 10:50:00,24345.0,24351.38,24333.23,24338.6,32017,NIFTY 50
2026-01-07 10:51:00,24338.6,24376.3,24332.22,24369.65,129496,NIFTY 50
2026-01-07 10:52:00,24369.65,24375.42,24360.18,24366.9,102725,NIFTY 50
2026-01-07 10:53:00,24366.9,24370.86,24359.27,24362.0,82448,NIFTY 50
2026-01-07 10:54:00,24362.0,24383.5,24356.86,24379.8,40211,NIFTY 50
2026-01-07 10:55:00,24379.8,24386.94,24377.09,24381.3,48259,NIFTY 50
2026-01-07 10:56:00,24381.3,24384.67,24366.07,24370.3,69677,NIFTY 50
2026-01-07 10:57:00,24370.3,24388.24,24366.78,24382.3,37735,NIFTY 50
2026-01-07 10:58:00,24382.3,24406.87,24377.89,24401.9,62550,NIFTY 50
2026-01-07 10:59:00,24401.9,24426.21,24391.97,24417.2,122173,NIFTY 50
2026-01-07 11:00:00,24417.2,24421.37,24401.58,24411.35,117068,NIFTY 50
2026-01-07 11:01:00,24411.35,24427.38,24407.11,24419.45,128749,NIFTY 50
2026-01-07 11:02:00,24419.45,24449.77,24412.37,24443.7,108309,NIFTY 50
2026-01-07 11:03:00,24443.7,24469.36,24437.44,24460.55,115368,NIFTY 50
2026-01-07 11:04:00,24460.55,24468.93,24432.69,24440.7,33416,NIFTY 50
2026-01-07 11:05:00,24440.7,24443.76,24409.47,24419.35,103024,NIFTY 50
2026-01-07 11:06:00,24419.35,24423.54,24392.41,24395.8,40026,NIFTY 50
2026-01-07 11:07:00,24395.8,24409.42,24389.24,24403.1,134193,NIFTY 50
2026-01-07 11:08:00,24403.1,24426.6,24401.02,24417.35,142861,NIFTY 50
2026-01-07 11:09:00,24417.35,24425.38,24397.27,24404.35,123962,NIFTY 50
2026-01-07 11:10:00,24404.35,24418.34,24397.37,24411.05,86338,NIFTY 50
2026-01-07 11:11:00,24411.05,24431.39,24406.37,24424.3,117052,NIFTY 50
2026-01-07 11:12:00,24424.3,24430.69,24405.4,24410.45,140132,NIFTY 50
2026-01-07 11:13:00,24410.45,24419.48,24404.77,24412.4,89068,NIFTY 50
2026-01-07 11:14:00,24412.4,24420.93,24396.03,24404.75,71271,NIFTY 50
2026-01-07 11:15:00,24404.75,24416.04,24396.74,24406.45,87439,NIFTY 50
2026-01-07 11:16:00,24406.45,24430.59,24403.2,24423.15,60826,NIFTY 50
2026-01-07 11:17:00,24423.15,24433.94,24416.01,24429.2,115305,NIFTY 50
2026-01-07 11:18:00,24429.2,24435.54,24415.38,24421.45,131035,NIFTY 50
2026-01-07 11:19:00,24421.45,24424.29,24369.05,24378.8,44630,NIFTY 50
2026-01-07 11:20:00,24378.8,24407.6,24371.54,24397.75,99829,NIFTY 50
2026-01-07 11:21:00,24397.75,24427.48,24387.87,24422.1,139814,NIFTY 50
2026-01-07 11:22:00,24422.1,24450.91,24418.26,24441.9,96565,NIFTY 50
2026-01-07 11:23:00,24441.9,24450.89,24419.86,24426.55,59766,NIFTY 50
2026-01-07 11:24:00,24426.55,24455.24,24421.84,24450.4,55803,NIFTY 50
2026-01-07 11:25:00,24450.4,24476.55,24444.44,24470.0,36540,NIFTY 50
2026-01-07 11:26:00,24470.0,24474.41,24445.61,24450.25,129738,NIFTY 50
2026-01-07 11:27:00,24450.25,24455.19,24429.85,24435.75,123956,NIFTY 50
2026-01-07 11:28:00,24435.75,24445.72,24428.73,24440.25,138406,NIFTY 50
2026-01-07 11:29:00,24440.25,24448.74,24398.78,24406.6,93106,NIFTY 50
2026-01-07 11:30:00,24406.6,24420.71,24398.0,24418.05,145296,NIFTY 50
2026-01-07 11:31:00,24418.05,24448.51,24412.79,24439.9,98693,NIFTY 50
2026-01-07 11:32:00,24439.9,24443.8,24426.02,24432.0,52894,NIFTY 50
2026-01-07 11:33:00,24432.0,24444.34,24426.41,24436.1,54341,NIFTY 50
2026-01-07 11:34:00,24436.1,24438.55,24406.54,24414.55,55644,NIFTY 50
2026-01-07 11:35:00,24414.55,24423.99,24398.71,24405.0,79730,NIFTY 50
2026-01-07 11:36:00,24405.0,24410.63,24377.62,24381.7,111697,NIFTY 50
2026-01-07 11:37:00,24381.7,24387.73,24377.52,24385.5,103245,NIFTY 50
2026-01-07 11:38:00,24385.5,24394.43,24355.78,24361.1,72687,NIFTY 50
2026-01-07 11:39:00,24361.1,24375.27,24358.16,24373.05,72907,NIFTY 50
2026-01-07 11:40:00,24373.05,24397.79,24369.24,24390.95,87154,NIFTY 50
2026-01-07 11:41:00,24390.95,24426.31,24387.18,24418.05,107665,NIFTY 50
2026-01-07 11:42:00,24418.05,24420.91,24386.72,24395.5,64137,NIFTY 50
2026-01-07 11:43:00,24395.5,24415.37,24391.14,24410.9,83364,NIFTY 50
2026-01-07 11:44:00,24410.9,24435.2,24406.03,24426.8,77372,NIFTY 50
2026-01-07 11:45:00,24426.8,24446.77,24418.33,24440.2,106332,NIFTY 50
2026-01-07 11:46:00,24440.2,24442.33,24418.42,24422.2,87328,NIFTY 50
2026-01-07 11:47:00,24422.2,24431.9,24386.64,24391.8,42902,NIFTY 50
2026-01-07 11:48:00,24391.8,24399.47,24387.82,24391.75,110568,NIFTY 50
2026-01-07 11:49:00,24391.75,24397.45,24376.68,24380.35,36723,NIFTY 50
2026-01-07 11:50:00,24380.35,24392.22,24374.89,24383.45,140562,NIFTY 50
2026-01-07 11:51:00,24383.45,24388.79,24360.43,24364.3,83041,NIFTY 50
2026-01-07 11:52:00,24364.3,24369.98,24359.1,24366.0,38018,NIFTY 50
2026-01-07 11:53:00,24366.0,24368.47,24334.14,24336.75,31813,NIFTY 50
2026-01-07 11:54:00,24336.75,24401.19,24330.18,24393.4,99738,NIFTY 50
2026-01-07 11:55:00,24393.4,24395.45,24354.6,24360.25,121126,NIFTY 50
2026-01-07 11:56:00,24360.25,24383.15,24357.64,24378.5,132765,NIFTY 50
2026-01-07 11:57:00,24378.5,24416.43,24370.91,24409.6,98427,NIFTY 50
2026-01-07 11:58:00,24409.6,24412.33,24398.62,24407.6,48821,NIFTY 50
2026-01-07 11:59:00,24407.6,24414.96,24378.38,24385.55,111570,NIFTY 50
2026-01-07 12:00:00,24385.55,24390.92,24374.96,24382.9,92418,NIFTY 50
2026-01-07 12:01:00,24382.9,24387.3,24376.04,24380.8,113122,NIFTY 50
2026-01-07 12:02:00,24380.8,24402.64,24373.93,24397.8,139731,NIFTY 50
2026-01-07 12:03:00,24397.8,24432.61,24395.03,24428.2,91693,NIFTY 50
2026-01-07 12:04:00,24428.2,24456.84,24423.63,24447.75,52184,NIFTY 50
2026-01-07 12:05:00,24447.75,24449.94,24426.2,24432.35,91539,NIFTY 50
2026-01-07 12:06:00,24432.35,24459.15,24427.17,24451.1,119434,NIFTY 50
2026-01-07 12:07:00,24451.1,24473.09,24449.04,24468.1,56889,NIFTY 50
2026-01-07 12:08:00,24468.1,24471.07,24428.34,24432.85,44479,NIFTY 50
2026-01-07 12:09:00,24432.85,24441.03,24408.72,24415.9,92494,NIFTY 50
2026-01-07 12:10:00,24415.9,24423.62,24400.57,24410.2,125608,NIFTY 50
2026-01-07 12:11:00,24410.2,24421.59,24407.41,24415.8,38903,NIFTY 50
2026-01-07 12:12:00,24415.8,24427.93,24412.34,24423.2,73116,NIFTY 50
2026-01-07 12:13:00,24423.2,24426.33,24407.75,24415.7,109986,NIFTY 50
2026-01-07 12:14:00,24415.7,24418.33,24411.46,24415.65,92606,NIFTY 50
2026-01-07 12:15:00,24415.65,24426.45,24411.73,24421.0,77633,NIFTY 50
2026-01-07 12:16:00,24421.0,24423.81,24394.87,24400.5,141532,NIFTY 50
2026-01-07 12:17:00,24400.5,24404.16,24390.79,24398.6,68831,NIFTY 50
2026-01-07 12:18:00,24398.6,24404.49,24370.59,24379.0,53882,NIFTY 50
2026-01-07 12:19:00,24379.0,24404.1,24376.33,24397.4,54601,NIFTY 50
2026-01-07 12:20:00,24397.4,24413.9,24390.0,24404.3,52360,NIFTY 50
2026-01-07 12:21:00,24404.3,24413.74,24394.3,24409.35,130502,NIFTY 50
2026-01-07 12:22:00,24409.35,24419.12,24388.19,24397.9,76702,NIFTY 50
2026-01-07 12:23:00,24397.9,24416.54,24392.09,24413.15,40267,NIFTY 50
2026-01-07 12:24:00,24413.15,24418.11,24401.34,24409.3,105655,NIFTY 50
2026-01-07 12:25:00,24409.3,24421.83,24399.74,24414.35,36693,NIFTY 50
2026-01-07 12:26:00,24414.35,24422.14,24408.52,24412.45,107187,NIFTY 50
2026-01-07 12:27:00,24412.45,24447.2,24405.57,24441.4,92607,NIFTY 50
2026-01-07 12:28:00,24441.4,24448.04,24426.9,24429.05,127610,NIFTY 50
2026-01-07 12:29:00,24429.05,24442.6,24420.99,24433.45,90555,NIFTY 50
2026-01-07 12:30:00,24433.45,24442.52,24421.26,24430.3,123518,NIFTY 50
2026-01-07 12:31:00,24430.3,24453.32,24428.07,24447.8,67854,NIFTY 50
2026-01-07 12:32:00,24447.8,24456.53,24426.01,24434.85,33493,NIFTY 50
2026-01-07 12:33:00,24434.85,24440.01,24417.95,24427.8,144872,NIFTY 50
2026-01-07 12:34:00,24427.8,24435.22,24410.96,24416.35,117234,NIFTY 50
2026-01-07 12:35:00,24416.35,24421.41,24395.98,24402.0,97307,NIFTY 50
2026-01-07 12:36:00,24402.0,24408.53,24392.02,24404.65,58904,NIFTY 50
2026-01-07 12:37:00,24404.65,24408.06,24400.4,24404.15,105740,NIFTY 50
2026-01-07 12:38:00,24404.15,24423.1,24396.99,24414.45,113368,NIFTY 50
2026-01-07 12:39:00,24414.45,24427.33,24410.04,24417.45,74576,NIFTY 50
2026-01-07 12:40:00,24417.45,24426.67,24412.06,24422.6,64037,NIFTY 50
2026-01-07 12:41:00,24422.6,24427.54,24413.3,24417.1,45271,NIFTY 50
2026-01-07 12:42:00,24417.1,24441.78,24413.45,24435.75,36405,NIFTY 50
2026-01-07 12:43:00,24435.75,24449.22,24427.14,24439.95,142667,NIFTY 50
2026-01-07 12:44:00,24439.95,24462.94,24436.67,24453.8,101158,NIFTY 50
2026-01-07 12:45:00,24453.8,24470.76,24449.54,24462.65,65599,NIFTY 50
2026-01-07 12:46:00,24462.65,24483.92,24455.25,24477.4,82692,NIFTY 50
2026-01-07 12:47:00,24477.4,24482.82,24465.67,24470.25,55773,NIFTY 50
2026-01-07 12:48:00,24470.25,24478.24,24453.91,24460.3,31664,NIFTY 50
2026-01-07 12:49:00,24460.3,24463.98,24449.93,24458.7,59023,NIFTY 50
2026-01-07 12:50:00,24458.7,24467.26,24428.38,24430.4,143742,NIFTY 50
2026-01-07 12:51:00,24430.4,24444.56,24422.91,24436.15,143623,NIFTY 50
2026-01-07 12:52:00,24436.15,24443.91,24425.03,24429.35,135465,NIFTY 50
2026-01-07 12:53:00,24429.35,24438.21,24423.97,24429.15,128447,NIFTY 50
2026-01-07 12:54:00,24429.15,24450.07,24423.77,24441.0,67408,NIFTY 50
2026-01-07 12:55:00,24441.0,24476.65,24436.45,24470.05,116966,NIFTY 50
2026-01-07 12:56:00,24470.05,24473.12,24440.39,24448.4,94552,NIFTY 50
2026-01-07 12:57:00,24448.4,24460.08,24441.47,24450.35,56690,NIFTY 50
2026-01-07 12:58:00,24450.35,24457.94,24439.42,24443.45,130610,NIFTY 50
2026-01-07 12:59:00,24443.45,24466.24,24434.74,24460.5,69825,NIFTY 50
2026-01-07 13:00:00,24460.5,24494.39,24453.3,24484.65,124975,NIFTY 50
2026-01-07 13:01:00,24484.65,24498.49,24479.66,24489.7,126235,NIFTY 50
2026-01-07 13:02:00,24489.7,24497.64,24478.41,24481.7,79143,NIFTY 50
2026-01-07 13:03:00,24481.7,24494.45,24478.53,24484.75,114465,NIFTY 50
2026-01-07 13:04:00,24484.75,24491.15,24474.51,24480.8,123482,NIFTY 50
2026-01-07 13:05:00,24480.8,24490.54,24477.63,24483.9,95514,NIFTY 50
2026-01-07 13:06:00,24483.9,24497.38,24479.46,24493.8,89185,NIFTY 50
2026-01-07 13:07:00,24493.8,24498.06,24468.33,24475.4,65645,NIFTY 50
2026-01-07 13:08:00,24475.4,24481.6,24460.83,24463.7,68463,NIFTY 50
2026-01-07 13:09:00,24463.7,24467.2,24448.34,24454.25,55344,NIFTY 50
2026-01-07 13:10:00,24454.25,24458.54,24436.21,24443.4,36701,NIFTY 50
2026-01-07 13:11:00,24443.4,24452.24,24420.19,24426.15,39233,NIFTY 50
2026-01-07 13:12:00,24426.15,24452.44,24421.4,24446.9,81186,NIFTY 50
2026-01-07 13:13:00,24446.9,24470.39,24439.56,24463.35,85241,NIFTY 50
2026-01-07 13:14:00,24463.35,24491.51,24454.46,24486.8,147129,NIFTY 50
2026-01-07 13:15:00,24486.8,24495.87,24458.73,24461.2,101517,NIFTY 50
2026-01-07 13:16:00,24461.2,24469.06,24454.86,24459.6,120031,NIFTY 50
2026-01-07 13:17:00,24459.6,24466.48,24446.82,24456.35,111426,NIFTY 50
2026-01-07 13:18:00,24456.35,24463.87,24418.59,24422.85,127506,NIFTY 50
2026-01-07 13:19:00,24422.85,24430.73,24409.72,24412.35,74007,NIFTY 50
2026-01-07 13:20:00,24412.35,24418.84,24388.42,24397.7,97384,NIFTY 50
2026-01-07 13:21:00,24397.7,24401.32,24378.35,24382.2,44995,NIFTY 50
2026-01-07 13:22:00,24382.2,24412.4,24376.55,24403.0,92270,NIFTY 50
2026-01-07 13:23:00,24403.0,24438.23,24394.12,24432.75,128755,NIFTY 50
2026-01-07 13:24:00,24432.75,24439.18,24409.0,24411.4,100832,NIFTY 50
2026-01-07 13:25:00,24411.4,24446.0,24407.03,24438.2,99278,NIFTY 50
2026-01-07 13:26:00,24438.2,24444.37,24414.98,24421.15,30978,NIFTY 50
2026-01-07 13:27:00,24421.15,24426.79,24408.92,24416.15,122650,NIFTY 50
2026-01-07 13:28:00,24416.15,24419.95,24386.17,24388.45,87902,NIFTY 50
2026-01-07 13:29:00,24388.45,24399.41,24385.82,24395.3,57202,NIFTY 50
2026-01-07 13:30:00,24395.3,24415.63,24385.36,24413.3,78922,NIFTY 50
2026-01-07 13:31:00,24413.3,24419.12,24366.75,24373.8,54182,NIFTY 50
2026-01-07 13:32:00,24373.8,24420.85,24368.08,24411.05,75914,NIFTY 50
2026-01-07 13:33:00,24411.05,24423.72,24406.86,24415.8,146632,NIFTY 50
2026-01-07 13:34:00,24415.8,24445.0,24406.41,24439.25,70266,NIFTY 50
2026-01-07 13:35:00,24439.25,24441.74,24433.89,24439.4,49525,NIFTY 50
2026-01-07 13:36:00,24439.4,24473.77,24434.9,24468.45,74836,NIFTY 50
2026-01-07 13:37:00,24468.45,24473.52,24456.19,24464.7,134375,NIFTY 50
2026-01-07 13:38:00,24464.7,24469.21,24450.12,24458.8,73727,NIFTY 50
2026-01-07 13:39:00,24458.8,24466.32,24452.34,24454.95,40003,NIFTY 50
2026-01-07 13:40:00,24454.95,24469.24,24447.85,24460.55,58756,NIFTY 50
2026-01-07 13:41:00,24460.55,24470.4,24450.97,24466.75,45684,NIFTY 50
2026-01-07 13:42:00,24466.75,24479.13,24463.25,24473.05,64832,NIFTY 50
2026-01-07 13:43:00,24473.05,24477.86,24452.24,24456.8,127830,NIFTY 50
2026-01-07 13:44:00,24456.8,24460.75,24436.67,24445.1,93717,NIFTY 50
2026-01-07 13:45:00,24445.1,24464.36,24437.49,24454.75,125614,NIFTY 50
2026-01-07 13:46:00,24454.75,24461.21,24442.83,24449.8,66212,NIFTY 50
2026-01-07 13:47:00,24449.8,24455.77,24409.58,24412.1,97309,NIFTY 50
2026-01-07 13:48:00,24412.1,24427.32,24409.26,24423.85,80718,NIFTY 50
2026-01-07 13:49:00,24423.85,24428.99,24419.14,24425.2,36987,NIFTY 50
2026-01-07 13:50:00,24425.2,24439.64,24417.62,24435.75,34745,NIFTY 50
2026-01-07 13:51:00,24435.75,24442.52,24428.68,24438.35,140063,NIFTY 50
2026-01-07 13:52:00,24438.35,24468.98,24434.07,24460.2,118877,NIFTY 50
2026-01-07 13:53:00,24460.2,24462.91,24423.92,24432.2,119719,NIFTY 50
2026-01-07 13:54:00,24432.2,24440.12,24422.87,24437.85,71501,NIFTY 50
2026-01-07 13:55:00,24437.85,24449.57,24434.96,24443.75,42900,NIFTY 50
2026-01-07 13:56:00,24443.75,24451.31,24437.83,24445.05,33824,NIFTY 50
2026-01-07 13:57:00,24445.05,24454.13,24432.35,24434.75,50193,NIFTY 50
2026-01-07 13:58:00,24434.75,24452.54,24427.15,24444.7,48883,NIFTY 50
2026-01-07 13:59:00,24444.7,24452.78,24428.5,24433.7,55946,NIFTY 50
2026-01-07 14:00:00,24433.7,24448.3,24429.74,24444.1,149395,NIFTY 50
2026-01-07 14:01:00,24444.1,24450.82,24432.08,24439.35,91609,NIFTY 50
2026-01-07 14:02:00,24439.35,24462.98,24431.99,24453.1,108956,NIFTY 50
2026-01-07 14:03:00,24453.1,24457.06,24428.94,24431.7,93949,NIFTY 50
2026-01-07 14:04:00,24431.7,24445.8,24423.8,24438.45,82533,NIFTY 50
2026-01-07 14:05:00,24438.45,24442.62,24424.62,24428.2,137039,NIFTY 50
2026-01-07 14:06:00,24428.2,24445.37,24425.05,24440.6,44366,NIFTY 50
2026-01-07 14:07:00,24440.6,24446.99,24409.68,24418.2,62014,NIFTY 50
2026-01-07 14:08:00,24418.2,24422.59,24411.44,24417.3,45763,NIFTY 50
2026-01-07 14:09:00,24417.3,24423.66,24414.12,24417.95,124210,NIFTY 50
2026-01-07 14:10:00,24417.95,24422.22,24407.43,24416.35,92906,NIFTY 50
2026-01-07 14:11:00,24416.35,24435.16,24408.29,24431.4,117089,NIFTY 50
2026-01-07 14:12:00,24431.4,24436.93,24421.37,24425.65,98507,NIFTY 50
2026-01-07 14:13:00,24425.65,24427.7,24404.95,24411.1,132847,NIFTY 50
2026-01-07 14:14:00,24411.1,24423.65,24405.08,24420.55,50567,NIFTY 50
2026-01-07 14:15:00,24420.55,24423.37,24381.23,24385.15,69008,NIFTY 50
2026-01-07 14:16:00,24385.15,24389.26,24368.45,24376.55,122903,NIFTY 50
2026-01-07 14:17:00,24376.55,24383.94,24369.22,24377.7,78524,NIFTY 50
2026-01-07 14:18:00,24377.7,24397.09,24369.52,24393.35,129121,NIFTY 50
2026-01-07 14:19:00,24393.35,24403.05,24384.51,24395.35,59697,NIFTY 50
2026-01-07 14:20:00,24395.35,24409.16,24392.88,24399.8,78761,NIFTY 50
2026-01-07 14:21:00,24399.8,24406.97,24384.26,24392.75,109606,NIFTY 50
2026-01-07 14:22:00,24392.75,24399.2,24349.13,24357.55,117518,NIFTY 50
2026-01-07 14:23:00,24357.55,24362.33,24347.51,24356.75,90357,NIFTY 50
2026-01-07 14:24:00,24356.75,24379.81,24354.71,24372.55,78965,NIFTY 50
2026-01-07 14:25:00,24372.55,24381.79,24337.82,24342.55,144113,NIFTY 50
2026-01-07 14:26:00,24342.55,24363.24,24336.82,24357.95,34625,NIFTY 50
2026-01-07 14:27:00,24357.95,24360.29,24312.31,24320.65,68934,NIFTY 50
2026-01-07 14:28:00,24320.65,24350.87,24314.55,24344.3,51267,NIFTY 50
2026-01-07 14:29:00,24344.3,24367.11,24337.96,24362.95,133158,NIFTY 50
2026-01-07 14:30:00,24362.95,24390.74,24360.48,24384.8,87803,NIFTY 50
2026-01-07 14:31:00,24384.8,24411.84,24378.66,24405.8,69735,NIFTY 50
2026-01-07 14:32:00,24405.8,24422.84,24399.45,24416.6,57121,NIFTY 50
2026-01-07 14:33:00,24416.6,24423.86,24406.36,24413.7,124089,NIFTY 50
2026-01-07 14:34:00,24413.7,24423.48,24409.65,24414.05,126826,NIFTY 50
2026-01-07 14:35:00,24414.05,24421.91,24389.15,24392.6,116255,NIFTY 50
2026-01-07 14:36:00,24392.6,24401.95,24380.48,24388.15,74537,NIFTY 50
2026-01-07 14:37:00,24388.15,24396.28,24384.65,24392.65,78069,NIFTY 50
2026-01-07 14:38:00,24392.65,24424.47,24386.21,24415.7,141256,NIFTY 50
2026-01-07 14:39:00,24415.7,24424.15,24403.55,24413.15,133795,NIFTY 50
2026-01-07 14:40:00,24413.15,24421.41,24403.9,24418.15,91024,NIFTY 50
2026-01-07 14:41:00,24418.15,24426.21,24405.67,24412.95,33883,NIFTY 50
2026-01-07 14:42:00,24412.95,24422.51,24387.79,24393.05,76049,NIFTY 50
2026-01-07 14:43:00,24393.05,24400.95,24383.64,24387.95,93809,NIFTY 50
2026-01-07 14:44:00,24387.95,24397.34,24373.87,24382.65,47974,NIFTY 50
2026-01-07 14:45:00,24382.65,24402.18,24377.26,24393.4,91334,NIFTY 50
2026-01-07 14:46:00,24393.4,24415.19,24389.23,24410.45,82270,NIFTY 50
2026-01-07 14:47:00,24410.45,24413.66,24390.13,24394.1,146875,NIFTY 50
2026-01-07 14:48:00,24394.1,24414.71,24385.97,24412.15,117456,NIFTY 50
2026-01-07 14:49:00,24412.15,24439.2,24407.86,24431.7,149423,NIFTY 50
2026-01-07 14:50:00,24431.7,24434.39,24415.31,24423.6,121582,NIFTY 50
2026-01-07 14:51:00,24423.6,24430.1,24421.05,24424.9,45519,NIFTY 50
2026-01-07 14:52:00,24424.9,24428.56,24391.58,24399.8,149325,NIFTY 50
2026-01-07 14:53:00,24399.8,24424.91,24395.84,24422.45,97565,NIFTY 50
2026-01-07 14:54:00,24422.45,24436.48,24412.87,24428.6,83470,NIFTY 50
2026-01-07 14:55:00,24428.6,24432.71,24404.64,24413.3,107507,NIFTY 50
2026-01-07 14:56:00,24413.3,24415.38,24400.73,24404.8,39362,NIFTY 50
2026-01-07 14:57:00,24404.8,24408.12,24381.68,24389.45,34492,NIFTY 50
2026-01-07 14:58:00,24389.45,24398.97,24376.17,24378.45,70244,NIFTY 50
2026-01-07 14:59:00,24378.45,24386.65,24358.22,24368.05,76725,NIFTY 50
2026-01-07 15:00:00,24368.05,24376.67,24361.48,24366.25,88240,NIFTY 50
2026-01-07 15:01:00,24366.25,24372.11,24350.68,24355.7,59458,NIFTY 50
2026-01-07 15:02:00,24355.7,24357.86,24330.36,24335.4,106849,NIFTY 50
2026-01-07 15:03:00,24335.4,24343.36,24328.98,24334.55,114575,NIFTY 50
2026-01-07 15:04:00,24334.55,24354.63,24332.17,24346.6,105278,NIFTY 50
2026-01-07 15:05:00,24346.6,24357.28,24341.11,24349.7,43822,NIFTY 50
2026-01-07 15:06:00,24349.7,24356.1,24332.68,24340.45,113898,NIFTY 50
2026-01-07 15:07:00,24340.45,24361.73,24334.96,24355.6,131214,NIFTY 50
2026-01-07 15:08:00,24355.6,24360.47,24347.89,24351.6,113467,NIFTY 50
2026-01-07 15:09:00,24351.6,24357.46,24290.03,24292.1,149056,NIFTY 50
2026-01-07 15:10:00,24292.1,24334.07,24284.44,24328.65,78020,NIFTY 50
2026-01-07 15:11:00,24328.65,24344.01,24320.12,24334.85,136083,NIFTY 50
2026-01-07 15:12:00,24334.85,24338.62,24319.57,24321.75,85903,NIFTY 50
2026-01-07 15:13:00,24321.75,24325.49,24307.59,24310.0,120474,NIFTY 50
2026-01-07 15:14:00,24310.0,24313.04,24284.93,24289.1,82798,NIFTY 50
2026-01-07 15:15:00,24289.1,24293.97,24285.46,24289.6,33800,NIFTY 50
2026-01-07 15:16:00,24289.6,24316.79,24285.6,24314.55,134897,NIFTY 50
2026-01-07 15:17:00,24314.55,24337.41,24307.41,24328.9,83454,NIFTY 50
2026-01-07 15:18:00,24328.9,24340.85,24319.12,24336.45,85743,NIFTY 50
2026-01-07 15:19:00,24336.45,24340.74,24312.88,24319.8,99738,NIFTY 50
2026-01-07 15:20:00,24319.8,24333.9,24311.32,24330.8,132484,NIFTY 50
2026-01-07 15:21:00,24330.8,24335.11,24309.83,24318.65,145067,NIFTY 50
2026-01-07 15:22:00,24318.65,24326.57,24299.94,24307.5,93874,NIFTY 50
2026-01-07 15:23:00,24307.5,24314.57,24290.25,24293.2,47440,NIFTY 50
2026-01-07 15:24:00,24293.2,24301.35,24280.35,24284.7,136442,NIFTY 50
2026-01-07 15:25:00,24284.7,24287.82,24271.7,24278.3,140840,NIFTY 50
2026-01-07 15:26:00,24278.3,24293.69,24269.17,24287.45,101755,NIFTY 50
2026-01-07 15:27:00,24287.45,24302.67,24285.1,24294.5,148011,NIFTY 50
2026-01-07 15:28:00,24294.5,24303.56,24286.99,24291.2,96900,NIFTY 50
2026-01-07 15:29:00,24291.2,24297.13,24283.7,24292.65,48662,NIFTY 50
2026-01-07 15:30:00,24292.65,24324.63,24287.87,24315.55,146273,NIFTY 50
